Workbook

Sheet Assessed Non-TIF
A1: Iowa Department of Management - June 25, 2025 - Final
A2: =_xlfn.CONCAT("January 1, ",AssessedValuation[[#This Row],[Year]]," - 100% Valuations Before Rollback") -> January 1, 2024 - 100% Valuations Before Rollback
A3: =_xlfn.CONCAT("For Fiscal Year ",'2024_School_100pct Valuations B'!A2+2," Budgets") -> For Fiscal Year 2026 Budgets
A4: Non-TIF
A6: FiscalYear | B6: AEA | C6: Dist | D6: DistrictNumber | E6: NAME | F6: Label | G6: 100% Residential | H6: 100% Ag Land | I6: 100% Ag Building | J6: 100% Commercial | K6: 100% Industrial | L6: 100% Reserved | M6: 100% Reserved | N6: 100% Railroads | O6: 100% Utilities | P6: 100% Other | Q6: 100% Gross | R6: 100% Military Exempt | S6: 100% Homestead Exempt | T6: 100% Net | U6: 100% Gas & Elec Utilities | V6: Valuation With G&E Utilities
A7: 2026 | B7: 11 | C7: 0018 | D7: 0018 | E7: ADAIR-CASEY | F7: Adair-Casey | G7: =SUMIFS(AssessedValuation[100% Residential],AssessedValuation[Dist],$C7,AssessedValuation[Tif_NonTIF],$A$4) -> 112934849 | H7: =SUMIFS(AssessedValuation[100% Ag Land],AssessedValuation[Dist],$C7,AssessedValuation[Tif_NonTIF],$A$4) -> 120815774 | I7: =SUMIFS(AssessedValuation[100% Ag Building],AssessedValuation[Dist],$C7,AssessedValuation[Tif_NonTIF],$A$4) -> 4669820 | J7: =SUMIFS(AssessedValuation[100% Commercial],AssessedValuation[Dist],$C7,AssessedValuation[Tif_NonTIF],$A$4) -> 20844537 | K7: =SUMIFS(AssessedValuation[100% Industrial],AssessedValuation[Dist],$C7,AssessedValuation[Tif_NonTIF],$A$4) -> 35843801 | L7: =SUMIFS(AssessedValuation[100% Reserved],AssessedValuation[Dist],$C7,AssessedValuation[Tif_NonTIF],$A$4) -> 0 | M7: =SUMIFS(AssessedValuation[100% Reserved4],AssessedValuation[Dist],$C7,AssessedValuation[Tif_NonTIF],$A$4) -> 0 | N7: =SUMIFS(AssessedValuation[100% Railroads],AssessedValuation[Dist],$C7,AssessedValuation[Tif_NonTIF],$A$4) -> 3906523 | O7: =SUMIFS(AssessedValuation[100% Utilities],AssessedValuation[Dist],$C7,AssessedValuation[Tif_NonTIF],$A$4) -> 214215 | P7: =SUMIFS(AssessedValuation[100% Other],AssessedValuation[Dist],$C7,AssessedValuation[Tif_NonTIF],$A$4) -> 0 | Q7: =SUMIFS(AssessedValuation[100% Gross],AssessedValuation[Dist],$C7,AssessedValuation[Tif_NonTIF],$A$4) -> 299229519 | R7: =SUMIFS(AssessedValuation[100% Military Exempt],AssessedValuation[Dist],$C7,AssessedValuation[Tif_NonTIF],$A$4) -> 352000 | S7: =SUMIFS(AssessedValuation[100% Homestead Exempt],AssessedValuation[Dist],$C7,AssessedValuation[Tif_NonTIF],$A$4) -> 1014000 | T7: =SUMIFS(AssessedValuation[100% Net],AssessedValuation[Dist],$C7,AssessedValuation[Tif_NonTIF],$A$4) -> 297863519 | U7: =SUMIFS(AssessedValuation[100% Gas & Elec Utilities],AssessedValuation[Dist],$C7,AssessedValuation[Tif_NonTIF],$A$4) -> 103168214 | V7: =SUM(T7:U7) -> 401031733
A8: 2026 | B8: 11 | C8: 0027 | D8: 0027 | E8: ADEL-DESOTO-MINBURN | F8: Adel-Desoto-Minburn | G8: =SUMIFS(AssessedValuation[100% Residential],AssessedValuation[Dist],$C8,AssessedValuation[Tif_NonTIF],$A$4) -> 1140342743 | H8: =SUMIFS(AssessedValuation[100% Ag Land],AssessedValuation[Dist],$C8,AssessedValuation[Tif_NonTIF],$A$4) -> 114643770 | I8: =SUMIFS(AssessedValuation[100% Ag Building],AssessedValuation[Dist],$C8,AssessedValuation[Tif_NonTIF],$A$4) -> 5814100 | J8: =SUMIFS(AssessedValuation[100% Commercial],AssessedValuation[Dist],$C8,AssessedValuation[Tif_NonTIF],$A$4) -> 118479234 | K8: =SUMIFS(AssessedValuation[100% Industrial],AssessedValuation[Dist],$C8,AssessedValuation[Tif_NonTIF],$A$4) -> 27809531 | L8: =SUMIFS(AssessedValuation[100% Reserved],AssessedValuation[Dist],$C8,AssessedValuation[Tif_NonTIF],$A$4) -> 0 | M8: =SUMIFS(AssessedValuation[100% Reserved4],AssessedValuation[Dist],$C8,AssessedValuation[Tif_NonTIF],$A$4) -> 0 | N8: =SUMIFS(AssessedValuation[100% Railroads],AssessedValuation[Dist],$C8,AssessedValuation[Tif_NonTIF],$A$4) -> 1419212 | O8: =SUMIFS(AssessedValuation[100% Utilities],AssessedValuation[Dist],$C8,AssessedValuation[Tif_NonTIF],$A$4) -> 12466003 | P8: =SUMIFS(AssessedValuation[100% Other],AssessedValuation[Dist],$C8,AssessedValuation[Tif_NonTIF],$A$4) -> 0 | Q8: =SUMIFS(AssessedValuation[100% Gross],AssessedValuation[Dist],$C8,AssessedValuation[Tif_NonTIF],$A$4) -> 1420974593 | R8: =SUMIFS(AssessedValuation[100% Military Exempt],AssessedValuation[Dist],$C8,AssessedValuation[Tif_NonTIF],$A$4) -> 1243313 | S8: =SUMIFS(AssessedValuation[100% Homestead Exempt],AssessedValuation[Dist],$C8,AssessedValuation[Tif_NonTIF],$A$4) -> 4055303 | T8: =SUMIFS(AssessedValuation[100% Net],AssessedValuation[Dist],$C8,AssessedValuation[Tif_NonTIF],$A$4) -> 1415675977 | U8: =SUMIFS(AssessedValuation[100% Gas & Elec Utilities],AssessedValuation[Dist],$C8,AssessedValuation[Tif_NonTIF],$A$4) -> 186406186 | V8: =SUM(T8:U8) -> 1602082163
A9: 2026 | B9: 07 | C9: 0009 | D9: 0009 | E9: AGWSR | F9: AGWSR | G9: =SUMIFS(AssessedValuation[100% Residential],AssessedValuation[Dist],$C9,AssessedValuation[Tif_NonTIF],$A$4) -> 248859770 | H9: =SUMIFS(AssessedValuation[100% Ag Land],AssessedValuation[Dist],$C9,AssessedValuation[Tif_NonTIF],$A$4) -> 311279110 | I9: =SUMIFS(AssessedValuation[100% Ag Building],AssessedValuation[Dist],$C9,AssessedValuation[Tif_NonTIF],$A$4) -> 26371710 | J9: =SUMIFS(AssessedValuation[100% Commercial],AssessedValuation[Dist],$C9,AssessedValuation[Tif_NonTIF],$A$4) -> 35639926 | K9: =SUMIFS(AssessedValuation[100% Industrial],AssessedValuation[Dist],$C9,AssessedValuation[Tif_NonTIF],$A$4) -> 89018914 | L9: =SUMIFS(AssessedValuation[100% Reserved],AssessedValuation[Dist],$C9,AssessedValuation[Tif_NonTIF],$A$4) -> 0 | M9: =SUMIFS(AssessedValuation[100% Reserved4],AssessedValuation[Dist],$C9,AssessedValuation[Tif_NonTIF],$A$4) -> 0 | N9: =SUMIFS(AssessedValuation[100% Railroads],AssessedValuation[Dist],$C9,AssessedValuation[Tif_NonTIF],$A$4) -> 3608673 | O9: =SUMIFS(AssessedValuation[100% Utilities],AssessedValuation[Dist],$C9,AssessedValuation[Tif_NonTIF],$A$4) -> 27472612 | P9: =SUMIFS(AssessedValuation[100% Other],AssessedValuation[Dist],$C9,AssessedValuation[Tif_NonTIF],$A$4) -> 0 | Q9: =SUMIFS(AssessedValuation[100% Gross],AssessedValuation[Dist],$C9,AssessedValuation[Tif_NonTIF],$A$4) -> 742250715 | R9: =SUMIFS(AssessedValuation[100% Military Exempt],AssessedValuation[Dist],$C9,AssessedValuation[Tif_NonTIF],$A$4) -> 868000 | S9: =SUMIFS(AssessedValuation[100% Homestead Exempt],AssessedValuation[Dist],$C9,AssessedValuation[Tif_NonTIF],$A$4) -> 3243500 | T9: =SUMIFS(AssessedValuation[100% Net],AssessedValuation[Dist],$C9,AssessedValuation[Tif_NonTIF],$A$4) -> 738139215 | U9: =SUMIFS(AssessedValuation[100% Gas & Elec Utilities],AssessedValuation[Dist],$C9,AssessedValuation[Tif_NonTIF],$A$4) -> 94988696 | V9: =SUM(T9:U9) -> 833127911
A10: 2026 | B10: 13 | C10: 0441 | D10: 0441 | E10: AHSTW | F10: AHSTW | G10: =SUMIFS(AssessedValuation[100% Residential],AssessedValuation[Dist],$C10,AssessedValuation[Tif_NonTIF],$A$4) -> 334581837 | H10: =SUMIFS(AssessedValuation[100% Ag Land],AssessedValuation[Dist],$C10,AssessedValuation[Tif_NonTIF],$A$4) -> 343923406 | I10: =SUMIFS(AssessedValuation[100% Ag Building],AssessedValuation[Dist],$C10,AssessedValuation[Tif_NonTIF],$A$4) -> 12892389 | J10: =SUMIFS(AssessedValuation[100% Commercial],AssessedValuation[Dist],$C10,AssessedValuation[Tif_NonTIF],$A$4) -> 51722221 | K10: =SUMIFS(AssessedValuation[100% Industrial],AssessedValuation[Dist],$C10,AssessedValuation[Tif_NonTIF],$A$4) -> 140099164 | L10: =SUMIFS(AssessedValuation[100% Reserved],AssessedValuation[Dist],$C10,AssessedValuation[Tif_NonTIF],$A$4) -> 0 | M10: =SUMIFS(AssessedValuation[100% Reserved4],AssessedValuation[Dist],$C10,AssessedValuation[Tif_NonTIF],$A$4) -> 0 | N10: =SUMIFS(AssessedValuation[100% Railroads],AssessedValuation[Dist],$C10,AssessedValuation[Tif_NonTIF],$A$4) -> 4803487 | O10: =SUMIFS(AssessedValuation[100% Utilities],AssessedValuation[Dist],$C10,AssessedValuation[Tif_NonTIF],$A$4) -> 2997056 | P10: =SUMIFS(AssessedValuation[100% Other],AssessedValuation[Dist],$C10,AssessedValuation[Tif_NonTIF],$A$4) -> 272 | Q10: =SUMIFS(AssessedValuation[100% Gross],AssessedValuation[Dist],$C10,AssessedValuation[Tif_NonTIF],$A$4) -> 891019832 | R10: =SUMIFS(AssessedValuation[100% Military Exempt],AssessedValuation[Dist],$C10,AssessedValuation[Tif_NonTIF],$A$4) -> 1040000 | S10: =SUMIFS(AssessedValuation[100% Homestead Exempt],AssessedValuation[Dist],$C10,AssessedValuation[Tif_NonTIF],$A$4) -> 2522000 | T10: =SUMIFS(AssessedValuation[100% Net],AssessedValuation[Dist],$C10,AssessedValuation[Tif_NonTIF],$A$4) -> 887457832 | U10: =SUMIFS(AssessedValuation[100% Gas & Elec Utilities],AssessedValuation[Dist],$C10,AssessedValuation[Tif_NonTIF],$A$4) -> 85858755 | V10: =SUM(T10:U10) -> 973316587
A11: 2026 | B11: 12 | C11: 0063 | D11: 0063 | E11: AKRON-WESTFIELD | F11: Akron-Westfield | G11: =SUMIFS(AssessedValuation[100% Residential],AssessedValuation[Dist],$C11,AssessedValuation[Tif_NonTIF],$A$4) -> 256588093 | H11: =SUMIFS(AssessedValuation[100% Ag Land],AssessedValuation[Dist],$C11,AssessedValuation[Tif_NonTIF],$A$4) -> 153240220 | I11: =SUMIFS(AssessedValuation[100% Ag Building],AssessedValuation[Dist],$C11,AssessedValuation[Tif_NonTIF],$A$4) -> 10883100 | J11: =SUMIFS(AssessedValuation[100% Commercial],AssessedValuation[Dist],$C11,AssessedValuation[Tif_NonTIF],$A$4) -> 28136637 | K11: =SUMIFS(AssessedValuation[100% Industrial],AssessedValuation[Dist],$C11,AssessedValuation[Tif_NonTIF],$A$4) -> 1106340 | L11: =SUMIFS(AssessedValuation[100% Reserved],AssessedValuation[Dist],$C11,AssessedValuation[Tif_NonTIF],$A$4) -> 0 | M11: =SUMIFS(AssessedValuation[100% Reserved4],AssessedValuation[Dist],$C11,AssessedValuation[Tif_NonTIF],$A$4) -> 0 | N11: =SUMIFS(AssessedValuation[100% Railroads],AssessedValuation[Dist],$C11,AssessedValuation[Tif_NonTIF],$A$4) -> 0 | O11: =SUMIFS(AssessedValuation[100% Utilities],AssessedValuation[Dist],$C11,AssessedValuation[Tif_NonTIF],$A$4) -> 590283 | P11: =SUMIFS(AssessedValuation[100% Other],AssessedValuation[Dist],$C11,AssessedValuation[Tif_NonTIF],$A$4) -> 0 | Q11: =SUMIFS(AssessedValuation[100% Gross],AssessedValuation[Dist],$C11,AssessedValuation[Tif_NonTIF],$A$4) -> 450544673 | R11: =SUMIFS(AssessedValuation[100% Military Exempt],AssessedValuation[Dist],$C11,AssessedValuation[Tif_NonTIF],$A$4) -> 596000 | S11: =SUMIFS(AssessedValuation[100% Homestead Exempt],AssessedValuation[Dist],$C11,AssessedValuation[Tif_NonTIF],$A$4) -> 1482000 | T11: =SUMIFS(AssessedValuation[100% Net],AssessedValuation[Dist],$C11,AssessedValuation[Tif_NonTIF],$A$4) -> 448466673 | U11: =SUMIFS(AssessedValuation[100% Gas & Elec Utilities],AssessedValuation[Dist],$C11,AssessedValuation[Tif_NonTIF],$A$4) -> 6723670 | V11: =SUM(T11:U11) -> 455190343
A12: 2026 | B12: 05 | C12: 0072 | D12: 0072 | E12: ALBERT CITY-TRUESDALE | F12: Albert City-Truesdale | G12: =SUMIFS(AssessedValuation[100% Residential],AssessedValuation[Dist],$C12,AssessedValuation[Tif_NonTIF],$A$4) -> 83114574 | H12: =SUMIFS(AssessedValuation[100% Ag Land],AssessedValuation[Dist],$C12,AssessedValuation[Tif_NonTIF],$A$4) -> 123950008 | I12: =SUMIFS(AssessedValuation[100% Ag Building],AssessedValuation[Dist],$C12,AssessedValuation[Tif_NonTIF],$A$4) -> 14620979 | J12: =SUMIFS(AssessedValuation[100% Commercial],AssessedValuation[Dist],$C12,AssessedValuation[Tif_NonTIF],$A$4) -> 20975412 | K12: =SUMIFS(AssessedValuation[100% Industrial],AssessedValuation[Dist],$C12,AssessedValuation[Tif_NonTIF],$A$4) -> 21205460 | L12: =SUMIFS(AssessedValuation[100% Reserved],AssessedValuation[Dist],$C12,AssessedValuation[Tif_NonTIF],$A$4) -> 0 | M12: =SUMIFS(AssessedValuation[100% Reserved4],AssessedValuation[Dist],$C12,AssessedValuation[Tif_NonTIF],$A$4) -> 0 | N12: =SUMIFS(AssessedValuation[100% Railroads],AssessedValuation[Dist],$C12,AssessedValuation[Tif_NonTIF],$A$4) -> 4101488 | O12: =SUMIFS(AssessedValuation[100% Utilities],AssessedValuation[Dist],$C12,AssessedValuation[Tif_NonTIF],$A$4) -> 1464281 | P12: =SUMIFS(AssessedValuation[100% Other],AssessedValuation[Dist],$C12,AssessedValuation[Tif_NonTIF],$A$4) -> 0 | Q12: =SUMIFS(AssessedValuation[100% Gross],AssessedValuation[Dist],$C12,AssessedValuation[Tif_NonTIF],$A$4) -> 269432202 | R12: =SUMIFS(AssessedValuation[100% Military Exempt],AssessedValuation[Dist],$C12,AssessedValuation[Tif_NonTIF],$A$4) -> 256000 | S12: =SUMIFS(AssessedValuation[100% Homestead Exempt],AssessedValuation[Dist],$C12,AssessedValuation[Tif_NonTIF],$A$4) -> 786500 | T12: =SUMIFS(AssessedValuation[100% Net],AssessedValuation[Dist],$C12,AssessedValuation[Tif_NonTIF],$A$4) -> 268389702 | U12: =SUMIFS(AssessedValuation[100% Gas & Elec Utilities],AssessedValuation[Dist],$C12,AssessedValuation[Tif_NonTIF],$A$4) -> 13616539 | V12: =SUM(T12:U12) -> 282006241
A13: 2026 | B13: 15 | C13: 0081 | D13: 0081 | E13: ALBIA | F13: Albia | G13: =SUMIFS(AssessedValuation[100% Residential],AssessedValuation[Dist],$C13,AssessedValuation[Tif_NonTIF],$A$4) -> 401700372 | H13: =SUMIFS(AssessedValuation[100% Ag Land],AssessedValuation[Dist],$C13,AssessedValuation[Tif_NonTIF],$A$4) -> 130882750 | I13: =SUMIFS(AssessedValuation[100% Ag Building],AssessedValuation[Dist],$C13,AssessedValuation[Tif_NonTIF],$A$4) -> 4426100 | J13: =SUMIFS(AssessedValuation[100% Commercial],AssessedValuation[Dist],$C13,AssessedValuation[Tif_NonTIF],$A$4) -> 42438666 | K13: =SUMIFS(AssessedValuation[100% Industrial],AssessedValuation[Dist],$C13,AssessedValuation[Tif_NonTIF],$A$4) -> 12910608 | L13: =SUMIFS(AssessedValuation[100% Reserved],AssessedValuation[Dist],$C13,AssessedValuation[Tif_NonTIF],$A$4) -> 0 | M13: =SUMIFS(AssessedValuation[100% Reserved4],AssessedValuation[Dist],$C13,AssessedValuation[Tif_NonTIF],$A$4) -> 0 | N13: =SUMIFS(AssessedValuation[100% Railroads],AssessedValuation[Dist],$C13,AssessedValuation[Tif_NonTIF],$A$4) -> 43097322 | O13: =SUMIFS(AssessedValuation[100% Utilities],AssessedValuation[Dist],$C13,AssessedValuation[Tif_NonTIF],$A$4) -> 1770575 | P13: =SUMIFS(AssessedValuation[100% Other],AssessedValuation[Dist],$C13,AssessedValuation[Tif_NonTIF],$A$4) -> 39012 | Q13: =SUMIFS(AssessedValuation[100% Gross],AssessedValuation[Dist],$C13,AssessedValuation[Tif_NonTIF],$A$4) -> 637265405 | R13: =SUMIFS(AssessedValuation[100% Military Exempt],AssessedValuation[Dist],$C13,AssessedValuation[Tif_NonTIF],$A$4) -> 1006401 | S13: =SUMIFS(AssessedValuation[100% Homestead Exempt],AssessedValuation[Dist],$C13,AssessedValuation[Tif_NonTIF],$A$4) -> 4701123 | T13: =SUMIFS(AssessedValuation[100% Net],AssessedValuation[Dist],$C13,AssessedValuation[Tif_NonTIF],$A$4) -> 631557881 | U13: =SUMIFS(AssessedValuation[100% Gas & Elec Utilities],AssessedValuation[Dist],$C13,AssessedValuation[Tif_NonTIF],$A$4) -> 30778266 | V13: =SUM(T13:U13) -> 662336147
A14: 2026 | B14: 10 | C14: 0099 | D14: 0099 | E14: ALBURNETT | F14: Alburnett | G14: =SUMIFS(AssessedValuation[100% Residential],AssessedValuation[Dist],$C14,AssessedValuation[Tif_NonTIF],$A$4) -> 442955324 | H14: =SUMIFS(AssessedValuation[100% Ag Land],AssessedValuation[Dist],$C14,AssessedValuation[Tif_NonTIF],$A$4) -> 68723215 | I14: =SUMIFS(AssessedValuation[100% Ag Building],AssessedValuation[Dist],$C14,AssessedValuation[Tif_NonTIF],$A$4) -> 6992388 | J14: =SUMIFS(AssessedValuation[100% Commercial],AssessedValuation[Dist],$C14,AssessedValuation[Tif_NonTIF],$A$4) -> 17751619 | K14: =SUMIFS(AssessedValuation[100% Industrial],AssessedValuation[Dist],$C14,AssessedValuation[Tif_NonTIF],$A$4) -> 377700 | L14: =SUMIFS(AssessedValuation[100% Reserved],AssessedValuation[Dist],$C14,AssessedValuation[Tif_NonTIF],$A$4) -> 0 | M14: =SUMIFS(AssessedValuation[100% Reserved4],AssessedValuation[Dist],$C14,AssessedValuation[Tif_NonTIF],$A$4) -> 0 | N14: =SUMIFS(AssessedValuation[100% Railroads],AssessedValuation[Dist],$C14,AssessedValuation[Tif_NonTIF],$A$4) -> 1977734 | O14: =SUMIFS(AssessedValuation[100% Utilities],AssessedValuation[Dist],$C14,AssessedValuation[Tif_NonTIF],$A$4) -> 1474 | P14: =SUMIFS(AssessedValuation[100% Other],AssessedValuation[Dist],$C14,AssessedValuation[Tif_NonTIF],$A$4) -> 0 | Q14: =SUMIFS(AssessedValuation[100% Gross],AssessedValuation[Dist],$C14,AssessedValuation[Tif_NonTIF],$A$4) -> 538779454 | R14: =SUMIFS(AssessedValuation[100% Military Exempt],AssessedValuation[Dist],$C14,AssessedValuation[Tif_NonTIF],$A$4) -> 656000 | S14: =SUMIFS(AssessedValuation[100% Homestead Exempt],AssessedValuation[Dist],$C14,AssessedValuation[Tif_NonTIF],$A$4) -> 2834000 | T14: =SUMIFS(AssessedValuation[100% Net],AssessedValuation[Dist],$C14,AssessedValuation[Tif_NonTIF],$A$4) -> 535289454 | U14: =SUMIFS(AssessedValuation[100% Gas & Elec Utilities],AssessedValuation[Dist],$C14,AssessedValuation[Tif_NonTIF],$A$4) -> 30493535 | V14: =SUM(T14:U14) -> 565782989
A15: 2026 | B15: 07 | C15: 0108 | D15: 0108 | E15: ALDEN | F15: Alden | G15: =SUMIFS(AssessedValuation[100% Residential],AssessedValuation[Dist],$C15,AssessedValuation[Tif_NonTIF],$A$4) -> 69305340 | H15: =SUMIFS(AssessedValuation[100% Ag Land],AssessedValuation[Dist],$C15,AssessedValuation[Tif_NonTIF],$A$4) -> 106433170 | I15: =SUMIFS(AssessedValuation[100% Ag Building],AssessedValuation[Dist],$C15,AssessedValuation[Tif_NonTIF],$A$4) -> 16802740 | J15: =SUMIFS(AssessedValuation[100% Commercial],AssessedValuation[Dist],$C15,AssessedValuation[Tif_NonTIF],$A$4) -> 22015010 | K15: =SUMIFS(AssessedValuation[100% Industrial],AssessedValuation[Dist],$C15,AssessedValuation[Tif_NonTIF],$A$4) -> 17115740 | L15: =SUMIFS(AssessedValuation[100% Reserved],AssessedValuation[Dist],$C15,AssessedValuation[Tif_NonTIF],$A$4) -> 0 | M15: =SUMIFS(AssessedValuation[100% Reserved4],AssessedValuation[Dist],$C15,AssessedValuation[Tif_NonTIF],$A$4) -> 0 | N15: =SUMIFS(AssessedValuation[100% Railroads],AssessedValuation[Dist],$C15,AssessedValuation[Tif_NonTIF],$A$4) -> 12945486 | O15: =SUMIFS(AssessedValuation[100% Utilities],AssessedValuation[Dist],$C15,AssessedValuation[Tif_NonTIF],$A$4) -> 1348401 | P15: =SUMIFS(AssessedValuation[100% Other],AssessedValuation[Dist],$C15,AssessedValuation[Tif_NonTIF],$A$4) -> 0 | Q15: =SUMIFS(AssessedValuation[100% Gross],AssessedValuation[Dist],$C15,AssessedValuation[Tif_NonTIF],$A$4) -> 245965887 | R15: =SUMIFS(AssessedValuation[100% Military Exempt],AssessedValuation[Dist],$C15,AssessedValuation[Tif_NonTIF],$A$4) -> 276000 | S15: =SUMIFS(AssessedValuation[100% Homestead Exempt],AssessedValuation[Dist],$C15,AssessedValuation[Tif_NonTIF],$A$4) -> 682500 | T15: =SUMIFS(AssessedValuation[100% Net],AssessedValuation[Dist],$C15,AssessedValuation[Tif_NonTIF],$A$4) -> 245007387 | U15: =SUMIFS(AssessedValuation[100% Gas & Elec Utilities],AssessedValuation[Dist],$C15,AssessedValuation[Tif_NonTIF],$A$4) -> 13147802 | V15: =SUM(T15:U15) -> 258155189
A16: 2026 | B16: 05 | C16: 0126 | D16: 0126 | E16: ALGONA (ALGONA) | F16: Algona | G16: =SUMIFS(AssessedValuation[100% Residential],AssessedValuation[Dist],$C16,AssessedValuation[Tif_NonTIF],$A$4) -> 636261289 | H16: =SUMIFS(AssessedValuation[100% Ag Land],AssessedValuation[Dist],$C16,AssessedValuation[Tif_NonTIF],$A$4) -> 322694985 | I16: =SUMIFS(AssessedValuation[100% Ag Building],AssessedValuation[Dist],$C16,AssessedValuation[Tif_NonTIF],$A$4) -> 23071572 | J16: =SUMIFS(AssessedValuation[100% Commercial],AssessedValuation[Dist],$C16,AssessedValuation[Tif_NonTIF],$A$4) -> 135974392 | K16: =SUMIFS(AssessedValuation[100% Industrial],AssessedValuation[Dist],$C16,AssessedValuation[Tif_NonTIF],$A$4) -> 77882876 | L16: =SUMIFS(AssessedValuation[100% Reserved],AssessedValuation[Dist],$C16,AssessedValuation[Tif_NonTIF],$A$4) -> 0 | M16: =SUMIFS(AssessedValuation[100% Reserved4],AssessedValuation[Dist],$C16,AssessedValuation[Tif_NonTIF],$A$4) -> 0 | N16: =SUMIFS(AssessedValuation[100% Railroads],AssessedValuation[Dist],$C16,AssessedValuation[Tif_NonTIF],$A$4) -> 33638046 | O16: =SUMIFS(AssessedValuation[100% Utilities],AssessedValuation[Dist],$C16,AssessedValuation[Tif_NonTIF],$A$4) -> 1576197 | P16: =SUMIFS(AssessedValuation[100% Other],AssessedValuation[Dist],$C16,AssessedValuation[Tif_NonTIF],$A$4) -> 0 | Q16: =SUMIFS(AssessedValuation[100% Gross],AssessedValuation[Dist],$C16,AssessedValuation[Tif_NonTIF],$A$4) -> 1231099357 | R16: =SUMIFS(AssessedValuation[100% Military Exempt],AssessedValuation[Dist],$C16,AssessedValuation[Tif_NonTIF],$A$4) -> 1512000 | S16: =SUMIFS(AssessedValuation[100% Homestead Exempt],AssessedValuation[Dist],$C16,AssessedValuation[Tif_NonTIF],$A$4) -> 5577000 | T16: =SUMIFS(AssessedValuation[100% Net],AssessedValuation[Dist],$C16,AssessedValuation[Tif_NonTIF],$A$4) -> 1224010357 | U16: =SUMIFS(AssessedValuation[100% Gas & Elec Utilities],AssessedValuation[Dist],$C16,AssessedValuation[Tif_NonTIF],$A$4) -> 132867354 | V16: =SUM(T16:U16) -> 1356877711
A17: 2026 | B17: 05 | C17: 6417 | D17: 6417 | E17: ALGONA (TITONKA) | F17: Algona (Titonka) | G17: =SUMIFS(AssessedValuation[100% Residential],AssessedValuation[Dist],$C17,AssessedValuation[Tif_NonTIF],$A$4) -> 48708993 | H17: =SUMIFS(AssessedValuation[100% Ag Land],AssessedValuation[Dist],$C17,AssessedValuation[Tif_NonTIF],$A$4) -> 105720218 | I17: =SUMIFS(AssessedValuation[100% Ag Building],AssessedValuation[Dist],$C17,AssessedValuation[Tif_NonTIF],$A$4) -> 6176192 | J17: =SUMIFS(AssessedValuation[100% Commercial],AssessedValuation[Dist],$C17,AssessedValuation[Tif_NonTIF],$A$4) -> 7618232 | K17: =SUMIFS(AssessedValuation[100% Industrial],AssessedValuation[Dist],$C17,AssessedValuation[Tif_NonTIF],$A$4) -> 0 | L17: =SUMIFS(AssessedValuation[100% Reserved],AssessedValuation[Dist],$C17,AssessedValuation[Tif_NonTIF],$A$4) -> 0 | M17: =SUMIFS(AssessedValuation[100% Reserved4],AssessedValuation[Dist],$C17,AssessedValuation[Tif_NonTIF],$A$4) -> 0 | N17: =SUMIFS(AssessedValuation[100% Railroads],AssessedValuation[Dist],$C17,AssessedValuation[Tif_NonTIF],$A$4) -> 0 | O17: =SUMIFS(AssessedValuation[100% Utilities],AssessedValuation[Dist],$C17,AssessedValuation[Tif_NonTIF],$A$4) -> 0 | P17: =SUMIFS(AssessedValuation[100% Other],AssessedValuation[Dist],$C17,AssessedValuation[Tif_NonTIF],$A$4) -> 0 | Q17: =SUMIFS(AssessedValuation[100% Gross],AssessedValuation[Dist],$C17,AssessedValuation[Tif_NonTIF],$A$4) -> 168223635 | R17: =SUMIFS(AssessedValuation[100% Military Exempt],AssessedValuation[Dist],$C17,AssessedValuation[Tif_NonTIF],$A$4) -> 212000 | S17: =SUMIFS(AssessedValuation[100% Homestead Exempt],AssessedValuation[Dist],$C17,AssessedValuation[Tif_NonTIF],$A$4) -> 689000 | T17: =SUMIFS(AssessedValuation[100% Net],AssessedValuation[Dist],$C17,AssessedValuation[Tif_NonTIF],$A$4) -> 167322635 | U17: =SUMIFS(AssessedValuation[100% Gas & Elec Utilities],AssessedValuation[Dist],$C17,AssessedValuation[Tif_NonTIF],$A$4) -> 8520868 | V17: =SUM(T17:U17) -> 175843503
A18: 2026 | B18: 05 | C18: 3897 | D18: 3897 | E18: ALGONA (LU VERNE) | F18: Algona (Lu Verne) | G18: =SUMIFS(AssessedValuation[100% Residential],AssessedValuation[Dist],$C18,AssessedValuation[Tif_NonTIF],$A$4) -> 69642838 | H18: =SUMIFS(AssessedValuation[100% Ag Land],AssessedValuation[Dist],$C18,AssessedValuation[Tif_NonTIF],$A$4) -> 196227482 | I18: =SUMIFS(AssessedValuation[100% Ag Building],AssessedValuation[Dist],$C18,AssessedValuation[Tif_NonTIF],$A$4) -> 33559665 | J18: =SUMIFS(AssessedValuation[100% Commercial],AssessedValuation[Dist],$C18,AssessedValuation[Tif_NonTIF],$A$4) -> 35759559 | K18: =SUMIFS(AssessedValuation[100% Industrial],AssessedValuation[Dist],$C18,AssessedValuation[Tif_NonTIF],$A$4) -> 22133438 | L18: =SUMIFS(AssessedValuation[100% Reserved],AssessedValuation[Dist],$C18,AssessedValuation[Tif_NonTIF],$A$4) -> 0 | M18: =SUMIFS(AssessedValuation[100% Reserved4],AssessedValuation[Dist],$C18,AssessedValuation[Tif_NonTIF],$A$4) -> 0 | N18: =SUMIFS(AssessedValuation[100% Railroads],AssessedValuation[Dist],$C18,AssessedValuation[Tif_NonTIF],$A$4) -> 17078351 | O18: =SUMIFS(AssessedValuation[100% Utilities],AssessedValuation[Dist],$C18,AssessedValuation[Tif_NonTIF],$A$4) -> 653944 | P18: =SUMIFS(AssessedValuation[100% Other],AssessedValuation[Dist],$C18,AssessedValuation[Tif_NonTIF],$A$4) -> 0 | Q18: =SUMIFS(AssessedValuation[100% Gross],AssessedValuation[Dist],$C18,AssessedValuation[Tif_NonTIF],$A$4) -> 375055277 | R18: =SUMIFS(AssessedValuation[100% Military Exempt],AssessedValuation[Dist],$C18,AssessedValuation[Tif_NonTIF],$A$4) -> 304664 | S18: =SUMIFS(AssessedValuation[100% Homestead Exempt],AssessedValuation[Dist],$C18,AssessedValuation[Tif_NonTIF],$A$4) -> 816199 | T18: =SUMIFS(AssessedValuation[100% Net],AssessedValuation[Dist],$C18,AssessedValuation[Tif_NonTIF],$A$4) -> 373934414 | U18: =SUMIFS(AssessedValuation[100% Gas & Elec Utilities],AssessedValuation[Dist],$C18,AssessedValuation[Tif_NonTIF],$A$4) -> 61525723 | V18: =SUM(T18:U18) -> 435460137
... A73: 2026 | B73: 01 | C73: 2763 | D73: 2763 | E73: CLAYTON RIDGE | F73: Clayton Ridge | G73: =SUMIFS(AssessedValuation[100% Residential],AssessedValuation[Dist],$C73,AssessedValuation[Tif_NonTIF],$A$4) -> 510958182 | H73: =SUMIFS(AssessedValuation[100% Ag Land],AssessedValuation[Dist],$C73,AssessedValuation[Tif_NonTIF],$A$4) -> 136961838 | I73: =SUMIFS(AssessedValuation[100% Ag Building],AssessedValuation[Dist],$C73,AssessedValuation[Tif_NonTIF],$A$4) -> 12094949 | J73: =SUMIFS(AssessedValuation[100% Commercial],AssessedValuation[Dist],$C73,AssessedValuation[Tif_NonTIF],$A$4) -> 43698085 | K73: =SUMIFS(AssessedValuation[100% Industrial],AssessedValuation[Dist],$C73,AssessedValuation[Tif_NonTIF],$A$4) -> 14443596 | L73: =SUMIFS(AssessedValuation[100% Reserved],AssessedValuation[Dist],$C73,AssessedValuation[Tif_NonTIF],$A$4) -> 0 | M73: =SUMIFS(AssessedValuation[100% Reserved4],AssessedValuation[Dist],$C73,AssessedValuation[Tif_NonTIF],$A$4) -> 0 | N73: =SUMIFS(AssessedValuation[100% Railroads],AssessedValuation[Dist],$C73,AssessedValuation[Tif_NonTIF],$A$4) -> 8077884 | O73: =SUMIFS(AssessedValuation[100% Utilities],AssessedValuation[Dist],$C73,AssessedValuation[Tif_NonTIF],$A$4) -> 3839493 | P73: =SUMIFS(AssessedValuation[100% Other],AssessedValuation[Dist],$C73,AssessedValuation[Tif_NonTIF],$A$4) -> 0 | Q73: =SUMIFS(AssessedValuation[100% Gross],AssessedValuation[Dist],$C73,AssessedValuation[Tif_NonTIF],$A$4) -> 730074027 | R73: =SUMIFS(AssessedValuation[100% Military Exempt],AssessedValuation[Dist],$C73,AssessedValuation[Tif_NonTIF],$A$4) -> 1132000 | S73: =SUMIFS(AssessedValuation[100% Homestead Exempt],AssessedValuation[Dist],$C73,AssessedValuation[Tif_NonTIF],$A$4) -> 4815041 | T73: =SUMIFS(AssessedValuation[100% Net],AssessedValuation[Dist],$C73,AssessedValuation[Tif_NonTIF],$A$4) -> 724126986 | U73: =SUMIFS(AssessedValuation[100% Gas & Elec Utilities],AssessedValuation[Dist],$C73,AssessedValuation[Tif_NonTIF],$A$4) -> 44614667 | V73: =SUM(T73:U73) -> 768741653
A74: 2026 | C74: 0216 | D74: 0216 | E74: CLEAR CREEK-AMANA (AMANA) | F74: Clear Creek-Amana (Amana) | G74: =SUMIFS(AssessedValuation[100% Residential],AssessedValuation[Dist],$C74,AssessedValuation[Tif_NonTIF],$A$4) -> 191877609 | H74: =SUMIFS(AssessedValuation[100% Ag Land],AssessedValuation[Dist],$C74,AssessedValuation[Tif_NonTIF],$A$4) -> 24813860 | I74: =SUMIFS(AssessedValuation[100% Ag Building],AssessedValuation[Dist],$C74,AssessedValuation[Tif_NonTIF],$A$4) -> 1285170 | J74: =SUMIFS(AssessedValuation[100% Commercial],AssessedValuation[Dist],$C74,AssessedValuation[Tif_NonTIF],$A$4) -> 23702371 | K74: =SUMIFS(AssessedValuation[100% Industrial],AssessedValuation[Dist],$C74,AssessedValuation[Tif_NonTIF],$A$4) -> 13605920 | L74: =SUMIFS(AssessedValuation[100% Reserved],AssessedValuation[Dist],$C74,AssessedValuation[Tif_NonTIF],$A$4) -> 0 | M74: =SUMIFS(AssessedValuation[100% Reserved4],AssessedValuation[Dist],$C74,AssessedValuation[Tif_NonTIF],$A$4) -> 0 | N74: =SUMIFS(AssessedValuation[100% Railroads],AssessedValuation[Dist],$C74,AssessedValuation[Tif_NonTIF],$A$4) -> 10381867 | O74: =SUMIFS(AssessedValuation[100% Utilities],AssessedValuation[Dist],$C74,AssessedValuation[Tif_NonTIF],$A$4) -> 1744600 | P74: =SUMIFS(AssessedValuation[100% Other],AssessedValuation[Dist],$C74,AssessedValuation[Tif_NonTIF],$A$4) -> 0 | Q74: =SUMIFS(AssessedValuation[100% Gross],AssessedValuation[Dist],$C74,AssessedValuation[Tif_NonTIF],$A$4) -> 267411397 | R74: =SUMIFS(AssessedValuation[100% Military Exempt],AssessedValuation[Dist],$C74,AssessedValuation[Tif_NonTIF],$A$4) -> 344000 | S74: =SUMIFS(AssessedValuation[100% Homestead Exempt],AssessedValuation[Dist],$C74,AssessedValuation[Tif_NonTIF],$A$4) -> 1228500 | T74: =SUMIFS(AssessedValuation[100% Net],AssessedValuation[Dist],$C74,AssessedValuation[Tif_NonTIF],$A$4) -> 265838897 | U74: =SUMIFS(AssessedValuation[100% Gas & Elec Utilities],AssessedValuation[Dist],$C74,AssessedValuation[Tif_NonTIF],$A$4) -> 11862095 | V74: =SUM(T74:U74) -> 277700992
A75: 2026 | B75: 10 | C75: 1221 | D75: 1221 | E75: CLEAR CREEK-AMANA (CLEAR CREEK) | F75: Clear Creek-Amana | G75: =SUMIFS(AssessedValuation[100% Residential],AssessedValuation[Dist],$C75,AssessedValuation[Tif_NonTIF],$A$4) -> 1849449818 | H75: =SUMIFS(AssessedValuation[100% Ag Land],AssessedValuation[Dist],$C75,AssessedValuation[Tif_NonTIF],$A$4) -> 85963238 | I75: =SUMIFS(AssessedValuation[100% Ag Building],AssessedValuation[Dist],$C75,AssessedValuation[Tif_NonTIF],$A$4) -> 6666409 | J75: =SUMIFS(AssessedValuation[100% Commercial],AssessedValuation[Dist],$C75,AssessedValuation[Tif_NonTIF],$A$4) -> 499003979 | K75: =SUMIFS(AssessedValuation[100% Industrial],AssessedValuation[Dist],$C75,AssessedValuation[Tif_NonTIF],$A$4) -> 35278158 | L75: =SUMIFS(AssessedValuation[100% Reserved],AssessedValuation[Dist],$C75,AssessedValuation[Tif_NonTIF],$A$4) -> 0 | M75: =SUMIFS(AssessedValuation[100% Reserved4],AssessedValuation[Dist],$C75,AssessedValuation[Tif_NonTIF],$A$4) -> 0 | N75: =SUMIFS(AssessedValuation[100% Railroads],AssessedValuation[Dist],$C75,AssessedValuation[Tif_NonTIF],$A$4) -> 13818160 | O75: =SUMIFS(AssessedValuation[100% Utilities],AssessedValuation[Dist],$C75,AssessedValuation[Tif_NonTIF],$A$4) -> 4841475 | P75: =SUMIFS(AssessedValuation[100% Other],AssessedValuation[Dist],$C75,AssessedValuation[Tif_NonTIF],$A$4) -> 0 | Q75: =SUMIFS(AssessedValuation[100% Gross],AssessedValuation[Dist],$C75,AssessedValuation[Tif_NonTIF],$A$4) -> 2495021237 | R75: =SUMIFS(AssessedValuation[100% Military Exempt],AssessedValuation[Dist],$C75,AssessedValuation[Tif_NonTIF],$A$4) -> 1320000 | S75: =SUMIFS(AssessedValuation[100% Homestead Exempt],AssessedValuation[Dist],$C75,AssessedValuation[Tif_NonTIF],$A$4) -> 4524000 | T75: =SUMIFS(AssessedValuation[100% Net],AssessedValuation[Dist],$C75,AssessedValuation[Tif_NonTIF],$A$4) -> 2489177237 | U75: =SUMIFS(AssessedValuation[100% Gas & Elec Utilities],AssessedValuation[Dist],$C75,AssessedValuation[Tif_NonTIF],$A$4) -> 93478590 | V75: =SUM(T75:U75) -> 2582655827
A76: 2026 | B76: 07 | C76: 1233 | D76: 1233 | E76: CLEAR LAKE | F76: Clear Lake | G76: =SUMIFS(AssessedValuation[100% Residential],AssessedValuation[Dist],$C76,AssessedValuation[Tif_NonTIF],$A$4) -> 1719295679 | H76: =SUMIFS(AssessedValuation[100% Ag Land],AssessedValuation[Dist],$C76,AssessedValuation[Tif_NonTIF],$A$4) -> 85014690 | I76: =SUMIFS(AssessedValuation[100% Ag Building],AssessedValuation[Dist],$C76,AssessedValuation[Tif_NonTIF],$A$4) -> 4990090 | J76: =SUMIFS(AssessedValuation[100% Commercial],AssessedValuation[Dist],$C76,AssessedValuation[Tif_NonTIF],$A$4) -> 208200312 | K76: =SUMIFS(AssessedValuation[100% Industrial],AssessedValuation[Dist],$C76,AssessedValuation[Tif_NonTIF],$A$4) -> 13470547 | L76: =SUMIFS(AssessedValuation[100% Reserved],AssessedValuation[Dist],$C76,AssessedValuation[Tif_NonTIF],$A$4) -> 0 | M76: =SUMIFS(AssessedValuation[100% Reserved4],AssessedValuation[Dist],$C76,AssessedValuation[Tif_NonTIF],$A$4) -> 0 | N76: =SUMIFS(AssessedValuation[100% Railroads],AssessedValuation[Dist],$C76,AssessedValuation[Tif_NonTIF],$A$4) -> 2946886 | O76: =SUMIFS(AssessedValuation[100% Utilities],AssessedValuation[Dist],$C76,AssessedValuation[Tif_NonTIF],$A$4) -> 22560716 | P76: =SUMIFS(AssessedValuation[100% Other],AssessedValuation[Dist],$C76,AssessedValuation[Tif_NonTIF],$A$4) -> 0 | Q76: =SUMIFS(AssessedValuation[100% Gross],AssessedValuation[Dist],$C76,AssessedValuation[Tif_NonTIF],$A$4) -> 2056478920 | R76: =SUMIFS(AssessedValuation[100% Military Exempt],AssessedValuation[Dist],$C76,AssessedValuation[Tif_NonTIF],$A$4) -> 1412000 | S76: =SUMIFS(AssessedValuation[100% Homestead Exempt],AssessedValuation[Dist],$C76,AssessedValuation[Tif_NonTIF],$A$4) -> 5044000 | T76: =SUMIFS(AssessedValuation[100% Net],AssessedValuation[Dist],$C76,AssessedValuation[Tif_NonTIF],$A$4) -> 2050022920 | U76: =SUMIFS(AssessedValuation[100% Gas & Elec Utilities],AssessedValuation[Dist],$C76,AssessedValuation[Tif_NonTIF],$A$4) -> 983780134 | V76: =SUM(T76:U76) -> 3033803054
A77: 2026 | B77: 09 | C77: 1278 | D77: 1278 | E77: CLINTON | F77: Clinton | G77: =SUMIFS(AssessedValuation[100% Residential],AssessedValuation[Dist],$C77,AssessedValuation[Tif_NonTIF],$A$4) -> 1166311608 | H77: =SUMIFS(AssessedValuation[100% Ag Land],AssessedValuation[Dist],$C77,AssessedValuation[Tif_NonTIF],$A$4) -> 8956130 | I77: =SUMIFS(AssessedValuation[100% Ag Building],AssessedValuation[Dist],$C77,AssessedValuation[Tif_NonTIF],$A$4) -> 1089980 | J77: =SUMIFS(AssessedValuation[100% Commercial],AssessedValuation[Dist],$C77,AssessedValuation[Tif_NonTIF],$A$4) -> 285851486 | K77: =SUMIFS(AssessedValuation[100% Industrial],AssessedValuation[Dist],$C77,AssessedValuation[Tif_NonTIF],$A$4) -> 163077726 | L77: =SUMIFS(AssessedValuation[100% Reserved],AssessedValuation[Dist],$C77,AssessedValuation[Tif_NonTIF],$A$4) -> 0 | M77: =SUMIFS(AssessedValuation[100% Reserved4],AssessedValuation[Dist],$C77,AssessedValuation[Tif_NonTIF],$A$4) -> 0 | N77: =SUMIFS(AssessedValuation[100% Railroads],AssessedValuation[Dist],$C77,AssessedValuation[Tif_NonTIF],$A$4) -> 9082338 | O77: =SUMIFS(AssessedValuation[100% Utilities],AssessedValuation[Dist],$C77,AssessedValuation[Tif_NonTIF],$A$4) -> 0 | P77: =SUMIFS(AssessedValuation[100% Other],AssessedValuation[Dist],$C77,AssessedValuation[Tif_NonTIF],$A$4) -> 446750 | Q77: =SUMIFS(AssessedValuation[100% Gross],AssessedValuation[Dist],$C77,AssessedValuation[Tif_NonTIF],$A$4) -> 1634816018 | R77: =SUMIFS(AssessedValuation[100% Military Exempt],AssessedValuation[Dist],$C77,AssessedValuation[Tif_NonTIF],$A$4) -> 4108000 | S77: =SUMIFS(AssessedValuation[100% Homestead Exempt],AssessedValuation[Dist],$C77,AssessedValuation[Tif_NonTIF],$A$4) -> 11940500 | T77: =SUMIFS(AssessedValuation[100% Net],AssessedValuation[Dist],$C77,AssessedValuation[Tif_NonTIF],$A$4) -> 1618767518 | U77: =SUMIFS(AssessedValuation[100% Gas & Elec Utilities],AssessedValuation[Dist],$C77,AssessedValuation[Tif_NonTIF],$A$4) -> 290004455 | V77: =SUM(T77:U77) -> 1908771973
A78: 2026 | B78: 11 | C78: 1332 | D78: 1332 | E78: COLFAX-MINGO | F78: Colfax-Mingo | G78: =SUMIFS(AssessedValuation[100% Residential],AssessedValuation[Dist],$C78,AssessedValuation[Tif_NonTIF],$A$4) -> 333305761 | H78: =SUMIFS(AssessedValuation[100% Ag Land],AssessedValuation[Dist],$C78,AssessedValuation[Tif_NonTIF],$A$4) -> 111881500 | I78: =SUMIFS(AssessedValuation[100% Ag Building],AssessedValuation[Dist],$C78,AssessedValuation[Tif_NonTIF],$A$4) -> 4102420 | J78: =SUMIFS(AssessedValuation[100% Commercial],AssessedValuation[Dist],$C78,AssessedValuation[Tif_NonTIF],$A$4) -> 34110359 | K78: =SUMIFS(AssessedValuation[100% Industrial],AssessedValuation[Dist],$C78,AssessedValuation[Tif_NonTIF],$A$4) -> 1186620 | L78: =SUMIFS(AssessedValuation[100% Reserved],AssessedValuation[Dist],$C78,AssessedValuation[Tif_NonTIF],$A$4) -> 0 | M78: =SUMIFS(AssessedValuation[100% Reserved4],AssessedValuation[Dist],$C78,AssessedValuation[Tif_NonTIF],$A$4) -> 0 | N78: =SUMIFS(AssessedValuation[100% Railroads],AssessedValuation[Dist],$C78,AssessedValuation[Tif_NonTIF],$A$4) -> 2838425 | O78: =SUMIFS(AssessedValuation[100% Utilities],AssessedValuation[Dist],$C78,AssessedValuation[Tif_NonTIF],$A$4) -> 35140403 | P78: =SUMIFS(AssessedValuation[100% Other],AssessedValuation[Dist],$C78,AssessedValuation[Tif_NonTIF],$A$4) -> 0 | Q78: =SUMIFS(AssessedValuation[100% Gross],AssessedValuation[Dist],$C78,AssessedValuation[Tif_NonTIF],$A$4) -> 522565488 | R78: =SUMIFS(AssessedValuation[100% Military Exempt],AssessedValuation[Dist],$C78,AssessedValuation[Tif_NonTIF],$A$4) -> 592000 | S78: =SUMIFS(AssessedValuation[100% Homestead Exempt],AssessedValuation[Dist],$C78,AssessedValuation[Tif_NonTIF],$A$4) -> 1683500 | T78: =SUMIFS(AssessedValuation[100% Net],AssessedValuation[Dist],$C78,AssessedValuation[Tif_NonTIF],$A$4) -> 520289988 | U78: =SUMIFS(AssessedValuation[100% Gas & Elec Utilities],AssessedValuation[Dist],$C78,AssessedValuation[Tif_NonTIF],$A$4) -> 22386425 | V78: =SUM(T78:U78) -> 542676413
A79: 2026 | B79: 10 | C79: 1337 | D79: 1337 | E79: COLLEGE COMMUNITY | F79: College Community | G79: =SUMIFS(AssessedValuation[100% Residential],AssessedValuation[Dist],$C79,AssessedValuation[Tif_NonTIF],$A$4) -> 2792329713 | H79: =SUMIFS(AssessedValuation[100% Ag Land],AssessedValuation[Dist],$C79,AssessedValuation[Tif_NonTIF],$A$4) -> 101634169 | I79: =SUMIFS(AssessedValuation[100% Ag Building],AssessedValuation[Dist],$C79,AssessedValuation[Tif_NonTIF],$A$4) -> 10753203 | J79: =SUMIFS(AssessedValuation[100% Commercial],AssessedValuation[Dist],$C79,AssessedValuation[Tif_NonTIF],$A$4) -> 1033199220 | K79: =SUMIFS(AssessedValuation[100% Industrial],AssessedValuation[Dist],$C79,AssessedValuation[Tif_NonTIF],$A$4) -> 376615565 | L79: =SUMIFS(AssessedValuation[100% Reserved],AssessedValuation[Dist],$C79,AssessedValuation[Tif_NonTIF],$A$4) -> 0 | M79: =SUMIFS(AssessedValuation[100% Reserved4],AssessedValuation[Dist],$C79,AssessedValuation[Tif_NonTIF],$A$4) -> 0 | N79: =SUMIFS(AssessedValuation[100% Railroads],AssessedValuation[Dist],$C79,AssessedValuation[Tif_NonTIF],$A$4) -> 47369828 | O79: =SUMIFS(AssessedValuation[100% Utilities],AssessedValuation[Dist],$C79,AssessedValuation[Tif_NonTIF],$A$4) -> 13548773 | P79: =SUMIFS(AssessedValuation[100% Other],AssessedValuation[Dist],$C79,AssessedValuation[Tif_NonTIF],$A$4) -> 0 | Q79: =SUMIFS(AssessedValuation[100% Gross],AssessedValuation[Dist],$C79,AssessedValuation[Tif_NonTIF],$A$4) -> 4375450471 | R79: =SUMIFS(AssessedValuation[100% Military Exempt],AssessedValuation[Dist],$C79,AssessedValuation[Tif_NonTIF],$A$4) -> 3636000 | S79: =SUMIFS(AssessedValuation[100% Homestead Exempt],AssessedValuation[Dist],$C79,AssessedValuation[Tif_NonTIF],$A$4) -> 13026000 | T79: =SUMIFS(AssessedValuation[100% Net],AssessedValuation[Dist],$C79,AssessedValuation[Tif_NonTIF],$A$4) -> 4358788471 | U79: =SUMIFS(AssessedValuation[100% Gas & Elec Utilities],AssessedValuation[Dist],$C79,AssessedValuation[Tif_NonTIF],$A$4) -> 684262158 | V79: =SUM(T79:U79) -> 5043050629
A80: 2026 | B80: 11 | C80: 1350 | D80: 1350 | E80: COLLINS-MAXWELL | F80: Collins-Maxwell | G80: =SUMIFS(AssessedValuation[100% Residential],AssessedValuation[Dist],$C80,AssessedValuation[Tif_NonTIF],$A$4) -> 236661679 | H80: =SUMIFS(AssessedValuation[100% Ag Land],AssessedValuation[Dist],$C80,AssessedValuation[Tif_NonTIF],$A$4) -> 115467230 | I80: =SUMIFS(AssessedValuation[100% Ag Building],AssessedValuation[Dist],$C80,AssessedValuation[Tif_NonTIF],$A$4) -> 5218270 | J80: =SUMIFS(AssessedValuation[100% Commercial],AssessedValuation[Dist],$C80,AssessedValuation[Tif_NonTIF],$A$4) -> 8101821 | K80: =SUMIFS(AssessedValuation[100% Industrial],AssessedValuation[Dist],$C80,AssessedValuation[Tif_NonTIF],$A$4) -> 0 | L80: =SUMIFS(AssessedValuation[100% Reserved],AssessedValuation[Dist],$C80,AssessedValuation[Tif_NonTIF],$A$4) -> 0 | M80: =SUMIFS(AssessedValuation[100% Reserved4],AssessedValuation[Dist],$C80,AssessedValuation[Tif_NonTIF],$A$4) -> 0 | N80: =SUMIFS(AssessedValuation[100% Railroads],AssessedValuation[Dist],$C80,AssessedValuation[Tif_NonTIF],$A$4) -> 0 | O80: =SUMIFS(AssessedValuation[100% Utilities],AssessedValuation[Dist],$C80,AssessedValuation[Tif_NonTIF],$A$4) -> 12535488 | P80: =SUMIFS(AssessedValuation[100% Other],AssessedValuation[Dist],$C80,AssessedValuation[Tif_NonTIF],$A$4) -> 0 | Q80: =SUMIFS(AssessedValuation[100% Gross],AssessedValuation[Dist],$C80,AssessedValuation[Tif_NonTIF],$A$4) -> 377984488 | R80: =SUMIFS(AssessedValuation[100% Military Exempt],AssessedValuation[Dist],$C80,AssessedValuation[Tif_NonTIF],$A$4) -> 428106 | S80: =SUMIFS(AssessedValuation[100% Homestead Exempt],AssessedValuation[Dist],$C80,AssessedValuation[Tif_NonTIF],$A$4) -> 1496408 | T80: =SUMIFS(AssessedValuation[100% Net],AssessedValuation[Dist],$C80,AssessedValuation[Tif_NonTIF],$A$4) -> 376059974 | U80: =SUMIFS(AssessedValuation[100% Gas & Elec Utilities],AssessedValuation[Dist],$C80,AssessedValuation[Tif_NonTIF],$A$4) -> 21433360 | V80: =SUM(T80:U80) -> 397493334
A81: 2026 | B81: 11 | C81: 1359 | D81: 1359 | E81: COLO-NESCO | F81: Colo-Nesco | G81: =SUMIFS(AssessedValuation[100% Residential],AssessedValuation[Dist],$C81,AssessedValuation[Tif_NonTIF],$A$4) -> 241568141 | H81: =SUMIFS(AssessedValuation[100% Ag Land],AssessedValuation[Dist],$C81,AssessedValuation[Tif_NonTIF],$A$4) -> 199360520 | I81: =SUMIFS(AssessedValuation[100% Ag Building],AssessedValuation[Dist],$C81,AssessedValuation[Tif_NonTIF],$A$4) -> 8494620 | J81: =SUMIFS(AssessedValuation[100% Commercial],AssessedValuation[Dist],$C81,AssessedValuation[Tif_NonTIF],$A$4) -> 18972622 | K81: =SUMIFS(AssessedValuation[100% Industrial],AssessedValuation[Dist],$C81,AssessedValuation[Tif_NonTIF],$A$4) -> 69865645 | L81: =SUMIFS(AssessedValuation[100% Reserved],AssessedValuation[Dist],$C81,AssessedValuation[Tif_NonTIF],$A$4) -> 0 | M81: =SUMIFS(AssessedValuation[100% Reserved4],AssessedValuation[Dist],$C81,AssessedValuation[Tif_NonTIF],$A$4) -> 0 | N81: =SUMIFS(AssessedValuation[100% Railroads],AssessedValuation[Dist],$C81,AssessedValuation[Tif_NonTIF],$A$4) -> 18409005 | O81: =SUMIFS(AssessedValuation[100% Utilities],AssessedValuation[Dist],$C81,AssessedValuation[Tif_NonTIF],$A$4) -> 683277 | P81: =SUMIFS(AssessedValuation[100% Other],AssessedValuation[Dist],$C81,AssessedValuation[Tif_NonTIF],$A$4) -> 0 | Q81: =SUMIFS(AssessedValuation[100% Gross],AssessedValuation[Dist],$C81,AssessedValuation[Tif_NonTIF],$A$4) -> 557353830 | R81: =SUMIFS(AssessedValuation[100% Military Exempt],AssessedValuation[Dist],$C81,AssessedValuation[Tif_NonTIF],$A$4) -> 415704 | S81: =SUMIFS(AssessedValuation[100% Homestead Exempt],AssessedValuation[Dist],$C81,AssessedValuation[Tif_NonTIF],$A$4) -> 1842316 | T81: =SUMIFS(AssessedValuation[100% Net],AssessedValuation[Dist],$C81,AssessedValuation[Tif_NonTIF],$A$4) -> 555095810 | U81: =SUMIFS(AssessedValuation[100% Gas & Elec Utilities],AssessedValuation[Dist],$C81,AssessedValuation[Tif_NonTIF],$A$4) -> 40112786 | V81: =SUM(T81:U81) -> 595208596
A82: 2026 | B82: 09 | C82: 1368 | D82: 1368 | E82: COLUMBUS | F82: Columbus | G82: =SUMIFS(AssessedValuation[100% Residential],AssessedValuation[Dist],$C82,AssessedValuation[Tif_NonTIF],$A$4) -> 207320807 | H82: =SUMIFS(AssessedValuation[100% Ag Land],AssessedValuation[Dist],$C82,AssessedValuation[Tif_NonTIF],$A$4) -> 113129730 | I82: =SUMIFS(AssessedValuation[100% Ag Building],AssessedValuation[Dist],$C82,AssessedValuation[Tif_NonTIF],$A$4) -> 10798910 | J82: =SUMIFS(AssessedValuation[100% Commercial],AssessedValuation[Dist],$C82,AssessedValuation[Tif_NonTIF],$A$4) -> 19737929 | K82: =SUMIFS(AssessedValuation[100% Industrial],AssessedValuation[Dist],$C82,AssessedValuation[Tif_NonTIF],$A$4) -> 10463830 | L82: =SUMIFS(AssessedValuation[100% Reserved],AssessedValuation[Dist],$C82,AssessedValuation[Tif_NonTIF],$A$4) -> 0 | M82: =SUMIFS(AssessedValuation[100% Reserved4],AssessedValuation[Dist],$C82,AssessedValuation[Tif_NonTIF],$A$4) -> 0 | N82: =SUMIFS(AssessedValuation[100% Railroads],AssessedValuation[Dist],$C82,AssessedValuation[Tif_NonTIF],$A$4) -> 3161878 | O82: =SUMIFS(AssessedValuation[100% Utilities],AssessedValuation[Dist],$C82,AssessedValuation[Tif_NonTIF],$A$4) -> 90817264 | P82: =SUMIFS(AssessedValuation[100% Other],AssessedValuation[Dist],$C82,AssessedValuation[Tif_NonTIF],$A$4) -> 0 | Q82: =SUMIFS(AssessedValuation[100% Gross],AssessedValuation[Dist],$C82,AssessedValuation[Tif_NonTIF],$A$4) -> 455430348 | R82: =SUMIFS(AssessedValuation[100% Military Exempt],AssessedValuation[Dist],$C82,AssessedValuation[Tif_NonTIF],$A$4) -> 572000 | S82: =SUMIFS(AssessedValuation[100% Homestead Exempt],AssessedValuation[Dist],$C82,AssessedValuation[Tif_NonTIF],$A$4) -> 1599000 | T82: =SUMIFS(AssessedValuation[100% Net],AssessedValuation[Dist],$C82,AssessedValuation[Tif_NonTIF],$A$4) -> 453259348 | U82: =SUMIFS(AssessedValuation[100% Gas & Elec Utilities],AssessedValuation[Dist],$C82,AssessedValuation[Tif_NonTIF],$A$4) -> 37603978 | V82: =SUM(T82:U82) -> 490863326
A83: 2026 | B83: 11 | C83: 1413 | D83: 1413 | E83: COON RAPIDS-BAYARD | F83: Coon Rapids-Bayard | G83: =SUMIFS(AssessedValuation[100% Residential],AssessedValuation[Dist],$C83,AssessedValuation[Tif_NonTIF],$A$4) -> 137244832 | H83: =SUMIFS(AssessedValuation[100% Ag Land],AssessedValuation[Dist],$C83,AssessedValuation[Tif_NonTIF],$A$4) -> 183865440 | I83: =SUMIFS(AssessedValuation[100% Ag Building],AssessedValuation[Dist],$C83,AssessedValuation[Tif_NonTIF],$A$4) -> 12758560 | J83: =SUMIFS(AssessedValuation[100% Commercial],AssessedValuation[Dist],$C83,AssessedValuation[Tif_NonTIF],$A$4) -> 21833461 | K83: =SUMIFS(AssessedValuation[100% Industrial],AssessedValuation[Dist],$C83,AssessedValuation[Tif_NonTIF],$A$4) -> 20574707 | L83: =SUMIFS(AssessedValuation[100% Reserved],AssessedValuation[Dist],$C83,AssessedValuation[Tif_NonTIF],$A$4) -> 0 | M83: =SUMIFS(AssessedValuation[100% Reserved4],AssessedValuation[Dist],$C83,AssessedValuation[Tif_NonTIF],$A$4) -> 0 | N83: =SUMIFS(AssessedValuation[100% Railroads],AssessedValuation[Dist],$C83,AssessedValuation[Tif_NonTIF],$A$4) -> 11869224 | O83: =SUMIFS(AssessedValuation[100% Utilities],AssessedValuation[Dist],$C83,AssessedValuation[Tif_NonTIF],$A$4) -> 2224905 | P83: =SUMIFS(AssessedValuation[100% Other],AssessedValuation[Dist],$C83,AssessedValuation[Tif_NonTIF],$A$4) -> 0 | Q83: =SUMIFS(AssessedValuation[100% Gross],AssessedValuation[Dist],$C83,AssessedValuation[Tif_NonTIF],$A$4) -> 390371129 | R83: =SUMIFS(AssessedValuation[100% Military Exempt],AssessedValuation[Dist],$C83,AssessedValuation[Tif_NonTIF],$A$4) -> 478642 | S83: =SUMIFS(AssessedValuation[100% Homestead Exempt],AssessedValuation[Dist],$C83,AssessedValuation[Tif_NonTIF],$A$4) -> 1446250 | T83: =SUMIFS(AssessedValuation[100% Net],AssessedValuation[Dist],$C83,AssessedValuation[Tif_NonTIF],$A$4) -> 388446237 | U83: =SUMIFS(AssessedValuation[100% Gas & Elec Utilities],AssessedValuation[Dist],$C83,AssessedValuation[Tif_NonTIF],$A$4) -> 27223834 | V83: =SUM(T83:U83) -> 415670071
A84: 2026 | B84: 13 | C84: 1431 | D84: 1431 | E84: CORNING | F84: Corning | G84: =SUMIFS(AssessedValuation[100% Residential],AssessedValuation[Dist],$C84,AssessedValuation[Tif_NonTIF],$A$4) -> 175577454 | H84: =SUMIFS(AssessedValuation[100% Ag Land],AssessedValuation[Dist],$C84,AssessedValuation[Tif_NonTIF],$A$4) -> 178703500 | I84: =SUMIFS(AssessedValuation[100% Ag Building],AssessedValuation[Dist],$C84,AssessedValuation[Tif_NonTIF],$A$4) -> 20806770 | J84: =SUMIFS(AssessedValuation[100% Commercial],AssessedValuation[Dist],$C84,AssessedValuation[Tif_NonTIF],$A$4) -> 16495856 | K84: =SUMIFS(AssessedValuation[100% Industrial],AssessedValuation[Dist],$C84,AssessedValuation[Tif_NonTIF],$A$4) -> 97131100 | L84: =SUMIFS(AssessedValuation[100% Reserved],AssessedValuation[Dist],$C84,AssessedValuation[Tif_NonTIF],$A$4) -> 0 | M84: =SUMIFS(AssessedValuation[100% Reserved4],AssessedValuation[Dist],$C84,AssessedValuation[Tif_NonTIF],$A$4) -> 0 | N84: =SUMIFS(AssessedValuation[100% Railroads],AssessedValuation[Dist],$C84,AssessedValuation[Tif_NonTIF],$A$4) -> 15802562 | O84: =SUMIFS(AssessedValuation[100% Utilities],AssessedValuation[Dist],$C84,AssessedValuation[Tif_NonTIF],$A$4) -> 7602985 | P84: =SUMIFS(AssessedValuation[100% Other],AssessedValuation[Dist],$C84,AssessedValuation[Tif_NonTIF],$A$4) -> 0 | Q84: =SUMIFS(AssessedValuation[100% Gross],AssessedValuation[Dist],$C84,AssessedValuation[Tif_NonTIF],$A$4) -> 512120227 | R84: =SUMIFS(AssessedValuation[100% Military Exempt],AssessedValuation[Dist],$C84,AssessedValuation[Tif_NonTIF],$A$4) -> 540000 | S84: =SUMIFS(AssessedValuation[100% Homestead Exempt],AssessedValuation[Dist],$C84,AssessedValuation[Tif_NonTIF],$A$4) -> 1885000 | T84: =SUMIFS(AssessedValuation[100% Net],AssessedValuation[Dist],$C84,AssessedValuation[Tif_NonTIF],$A$4) -> 509695227 | U84: =SUMIFS(AssessedValuation[100% Gas & Elec Utilities],AssessedValuation[Dist],$C84,AssessedValuation[Tif_NonTIF],$A$4) -> 38384199 | V84: =SUM(T84:U84) -> 548079426
A85: 2026 | B85: 13 | C85: 1476 | D85: 1476 | E85: COUNCIL BLUFFS | F85: Council Bluffs | G85: =SUMIFS(AssessedValuation[100% Residential],AssessedValuation[Dist],$C85,AssessedValuation[Tif_NonTIF],$A$4) -> 3607955259 | H85: =SUMIFS(AssessedValuation[100% Ag Land],AssessedValuation[Dist],$C85,AssessedValuation[Tif_NonTIF],$A$4) -> 32813000 | I85: =SUMIFS(AssessedValuation[100% Ag Building],AssessedValuation[Dist],$C85,AssessedValuation[Tif_NonTIF],$A$4) -> 2817000 | J85: =SUMIFS(AssessedValuation[100% Commercial],AssessedValuation[Dist],$C85,AssessedValuation[Tif_NonTIF],$A$4) -> 1002965762 | K85: =SUMIFS(AssessedValuation[100% Industrial],AssessedValuation[Dist],$C85,AssessedValuation[Tif_NonTIF],$A$4) -> 125696067 | L85: =SUMIFS(AssessedValuation[100% Reserved],AssessedValuation[Dist],$C85,AssessedValuation[Tif_NonTIF],$A$4) -> 0 | M85: =SUMIFS(AssessedValuation[100% Reserved4],AssessedValuation[Dist],$C85,AssessedValuation[Tif_NonTIF],$A$4) -> 0 | N85: =SUMIFS(AssessedValuation[100% Railroads],AssessedValuation[Dist],$C85,AssessedValuation[Tif_NonTIF],$A$4) -> 33872142 | O85: =SUMIFS(AssessedValuation[100% Utilities],AssessedValuation[Dist],$C85,AssessedValuation[Tif_NonTIF],$A$4) -> 2791899 | P85: =SUMIFS(AssessedValuation[100% Other],AssessedValuation[Dist],$C85,AssessedValuation[Tif_NonTIF],$A$4) -> 0 | Q85: =SUMIFS(AssessedValuation[100% Gross],AssessedValuation[Dist],$C85,AssessedValuation[Tif_NonTIF],$A$4) -> 4808911129 | R85: =SUMIFS(AssessedValuation[100% Military Exempt],AssessedValuation[Dist],$C85,AssessedValuation[Tif_NonTIF],$A$4) -> 7668000 | S85: =SUMIFS(AssessedValuation[100% Homestead Exempt],AssessedValuation[Dist],$C85,AssessedValuation[Tif_NonTIF],$A$4) -> 19396000 | T85: =SUMIFS(AssessedValuation[100% Net],AssessedValuation[Dist],$C85,AssessedValuation[Tif_NonTIF],$A$4) -> 4781847129 | U85: =SUMIFS(AssessedValuation[100% Gas & Elec Utilities],AssessedValuation[Dist],$C85,AssessedValuation[Tif_NonTIF],$A$4) -> 294134368 | V85: =SUM(T85:U85) -> 5075981497
A86: 2026 | B86: 13 | C86: 1503 | D86: 1503 | E86: CRESTON | F86: Creston | G86: =SUMIFS(AssessedValuation[100% Residential],AssessedValuation[Dist],$C86,AssessedValuation[Tif_NonTIF],$A$4) -> 584212764 | H86: =SUMIFS(AssessedValuation[100% Ag Land],AssessedValuation[Dist],$C86,AssessedValuation[Tif_NonTIF],$A$4) -> 158139417 | I86: =SUMIFS(AssessedValuation[100% Ag Building],AssessedValuation[Dist],$C86,AssessedValuation[Tif_NonTIF],$A$4) -> 17233188 | J86: =SUMIFS(AssessedValuation[100% Commercial],AssessedValuation[Dist],$C86,AssessedValuation[Tif_NonTIF],$A$4) -> 98938632 | K86: =SUMIFS(AssessedValuation[100% Industrial],AssessedValuation[Dist],$C86,AssessedValuation[Tif_NonTIF],$A$4) -> 28679602 | L86: =SUMIFS(AssessedValuation[100% Reserved],AssessedValuation[Dist],$C86,AssessedValuation[Tif_NonTIF],$A$4) -> 0 | M86: =SUMIFS(AssessedValuation[100% Reserved4],AssessedValuation[Dist],$C86,AssessedValuation[Tif_NonTIF],$A$4) -> 0 | N86: =SUMIFS(AssessedValuation[100% Railroads],AssessedValuation[Dist],$C86,AssessedValuation[Tif_NonTIF],$A$4) -> 25007269 | O86: =SUMIFS(AssessedValuation[100% Utilities],AssessedValuation[Dist],$C86,AssessedValuation[Tif_NonTIF],$A$4) -> 6087838 | P86: =SUMIFS(AssessedValuation[100% Other],AssessedValuation[Dist],$C86,AssessedValuation[Tif_NonTIF],$A$4) -> 0 | Q86: =SUMIFS(AssessedValuation[100% Gross],AssessedValuation[Dist],$C86,AssessedValuation[Tif_NonTIF],$A$4) -> 918298710 | R86: =SUMIFS(AssessedValuation[100% Military Exempt],AssessedValuation[Dist],$C86,AssessedValuation[Tif_NonTIF],$A$4) -> 1498747 | S86: =SUMIFS(AssessedValuation[100% Homestead Exempt],AssessedValuation[Dist],$C86,AssessedValuation[Tif_NonTIF],$A$4) -> 6174028 | T86: =SUMIFS(AssessedValuation[100% Net],AssessedValuation[Dist],$C86,AssessedValuation[Tif_NonTIF],$A$4) -> 910625935 | U86: =SUMIFS(AssessedValuation[100% Gas & Elec Utilities],AssessedValuation[Dist],$C86,AssessedValuation[Tif_NonTIF],$A$4) -> 281815556 | V86: =SUM(T86:U86) -> 1192441491
... A337: 2026 | B337: 11 | C337: 7110 | D337: 7110 | E337: WOODWARD-GRANGER | F337: Woodward-Granger | G337: =SUMIFS(AssessedValuation[100% Residential],AssessedValuation[Dist],$C337,AssessedValuation[Tif_NonTIF],$A$4) -> 646906743 | H337: =SUMIFS(AssessedValuation[100% Ag Land],AssessedValuation[Dist],$C337,AssessedValuation[Tif_NonTIF],$A$4) -> 90475832 | I337: =SUMIFS(AssessedValuation[100% Ag Building],AssessedValuation[Dist],$C337,AssessedValuation[Tif_NonTIF],$A$4) -> 5206020 | J337: =SUMIFS(AssessedValuation[100% Commercial],AssessedValuation[Dist],$C337,AssessedValuation[Tif_NonTIF],$A$4) -> 50105103 | K337: =SUMIFS(AssessedValuation[100% Industrial],AssessedValuation[Dist],$C337,AssessedValuation[Tif_NonTIF],$A$4) -> 225250 | L337: =SUMIFS(AssessedValuation[100% Reserved],AssessedValuation[Dist],$C337,AssessedValuation[Tif_NonTIF],$A$4) -> 0 | M337: =SUMIFS(AssessedValuation[100% Reserved4],AssessedValuation[Dist],$C337,AssessedValuation[Tif_NonTIF],$A$4) -> 0 | N337: =SUMIFS(AssessedValuation[100% Railroads],AssessedValuation[Dist],$C337,AssessedValuation[Tif_NonTIF],$A$4) -> 0 | O337: =SUMIFS(AssessedValuation[100% Utilities],AssessedValuation[Dist],$C337,AssessedValuation[Tif_NonTIF],$A$4) -> 5651630 | P337: =SUMIFS(AssessedValuation[100% Other],AssessedValuation[Dist],$C337,AssessedValuation[Tif_NonTIF],$A$4) -> 4841 | Q337: =SUMIFS(AssessedValuation[100% Gross],AssessedValuation[Dist],$C337,AssessedValuation[Tif_NonTIF],$A$4) -> 798575419 | R337: =SUMIFS(AssessedValuation[100% Military Exempt],AssessedValuation[Dist],$C337,AssessedValuation[Tif_NonTIF],$A$4) -> 800000 | S337: =SUMIFS(AssessedValuation[100% Homestead Exempt],AssessedValuation[Dist],$C337,AssessedValuation[Tif_NonTIF],$A$4) -> 2197000 | T337: =SUMIFS(AssessedValuation[100% Net],AssessedValuation[Dist],$C337,AssessedValuation[Tif_NonTIF],$A$4) -> 795578419 | U337: =SUMIFS(AssessedValuation[100% Gas & Elec Utilities],AssessedValuation[Dist],$C337,AssessedValuation[Tif_NonTIF],$A$4) -> 36391486 | V337: =SUM(T337:U337) -> 831969905
G338: =SUM(G7:G337) -> 264701348114 | H338: =SUM(H7:H337) -> 52323547267 | I338: =SUM(I7:I337) -> 3944549474 | J338: =SUM(J7:J337) -> 45342559883 | K338: =SUM(K7:K337) -> 12525096309 | L338: =SUM(L7:L337) -> 0 | M338: =SUM(M7:M337) -> 0 | N338: =SUM(N7:N337) -> 3136757995 | ... V338: =SUM(V7:V337) -> 412989940336

Sheet Assessed TIF
A1: ='Assessed Non-TIF'!$A$1 -> Iowa Department of Management - June 25, 2025 - Final
A2: =_xlfn.CONCAT("January 1, ",AssessedValuation[[#This Row],[Year]]," - 100% Valuations Before Rollback") -> January 1, 2024 - 100% Valuations Before Rollback
A3: =_xlfn.CONCAT("For Fiscal Year ",'2024_School_100pct Valuations B'!A2+2," Budgets") -> For Fiscal Year 2026 Budgets
A4: TIF
A6: FiscalYear | B6: AEA | C6: Dist | D6: DistrictNumber | E6: NAME | F6: Label | G6: 100% Residential | H6: 100% Ag Land | I6: 100% Ag Building | J6: 100% Commercial | K6: 100% Industrial | L6: 100% Reserved | M6: 100% Reserved | N6: 100% Railroads | O6: 100% Utilities | P6: 100% Other | Q6: 100% Gross | R6: 100% Military Exempt | S6: 100% Homestead Exempt | T6: 100% Net | U6: 100% Gas & Elec Utilities | V6: Valuation With G&E Utilities
A7: ='Assessed Non-TIF'!A7 -> 2026 | B7: ='Assessed Non-TIF'!B7 -> 11 | C7: ='Assessed Non-TIF'!C7 -> 0018 | D7: ='Assessed Non-TIF'!D7 -> 0018 | E7: ='Assessed Non-TIF'!E7 -> ADAIR-CASEY | F7: ='Assessed Non-TIF'!F7 -> Adair-Casey | G7: =SUMIFS(AssessedValuation[100% Residential],AssessedValuation[Dist],$C7,AssessedValuation[Tif_NonTIF],$A$4) -> 14885468 | H7: =SUMIFS(AssessedValuation[100% Ag Land],AssessedValuation[Dist],$C7,AssessedValuation[Tif_NonTIF],$A$4) -> 206646 | I7: =SUMIFS(AssessedValuation[100% Ag Building],AssessedValuation[Dist],$C7,AssessedValuation[Tif_NonTIF],$A$4) -> 0 | J7: =SUMIFS(AssessedValuation[100% Commercial],AssessedValuation[Dist],$C7,AssessedValuation[Tif_NonTIF],$A$4) -> 8493516 | K7: =SUMIFS(AssessedValuation[100% Industrial],AssessedValuation[Dist],$C7,AssessedValuation[Tif_NonTIF],$A$4) -> 148565749 | L7: =SUMIFS(AssessedValuation[100% Reserved],AssessedValuation[Dist],$C7,AssessedValuation[Tif_NonTIF],$A$4) -> 0 | M7: =SUMIFS(AssessedValuation[100% Reserved4],AssessedValuation[Dist],$C7,AssessedValuation[Tif_NonTIF],$A$4) -> 0 | N7: =SUMIFS(AssessedValuation[100% Railroads],AssessedValuation[Dist],$C7,AssessedValuation[Tif_NonTIF],$A$4) -> 0 | O7: =SUMIFS(AssessedValuation[100% Utilities],AssessedValuation[Dist],$C7,AssessedValuation[Tif_NonTIF],$A$4) -> 0 | P7: =SUMIFS(AssessedValuation[100% Other],AssessedValuation[Dist],$C7,AssessedValuation[Tif_NonTIF],$A$4) -> 0 | Q7: =SUMIFS(AssessedValuation[100% Gross],AssessedValuation[Dist],$C7,AssessedValuation[Tif_NonTIF],$A$4) -> 172151379 | R7: =SUMIFS(AssessedValuation[100% Military Exempt],AssessedValuation[Dist],$C7,AssessedValuation[Tif_NonTIF],$A$4) -> 8000 | S7: =SUMIFS(AssessedValuation[100% Homestead Exempt],AssessedValuation[Dist],$C7,AssessedValuation[Tif_NonTIF],$A$4) -> 19500 | T7: =SUMIFS(AssessedValuation[100% Net],AssessedValuation[Dist],$C7,AssessedValuation[Tif_NonTIF],$A$4) -> 172123879 | U7: =SUMIFS(AssessedValuation[100% Gas & Elec Utilities],AssessedValuation[Dist],$C7,AssessedValuation[Tif_NonTIF],$A$4) -> 0 | V7: =SUM(T7:U7) -> 172123879
A8: ='Assessed Non-TIF'!A8 -> 2026 | B8: ='Assessed Non-TIF'!B8 -> 11 | C8: ='Assessed Non-TIF'!C8 -> 0027 | D8: ='Assessed Non-TIF'!D8 -> 0027 | E8: ='Assessed Non-TIF'!E8 -> ADEL-DESOTO-MINBURN | F8: ='Assessed Non-TIF'!F8 -> Adel-Desoto-Minburn | G8: =SUMIFS(AssessedValuation[100% Residential],AssessedValuation[Dist],$C8,AssessedValuation[Tif_NonTIF],$A$4) -> 27887710 | H8: =SUMIFS(AssessedValuation[100% Ag Land],AssessedValuation[Dist],$C8,AssessedValuation[Tif_NonTIF],$A$4) -> 0 | I8: =SUMIFS(AssessedValuation[100% Ag Building],AssessedValuation[Dist],$C8,AssessedValuation[Tif_NonTIF],$A$4) -> 0 | J8: =SUMIFS(AssessedValuation[100% Commercial],AssessedValuation[Dist],$C8,AssessedValuation[Tif_NonTIF],$A$4) -> 13183930 | K8: =SUMIFS(AssessedValuation[100% Industrial],AssessedValuation[Dist],$C8,AssessedValuation[Tif_NonTIF],$A$4) -> 2236559 | L8: =SUMIFS(AssessedValuation[100% Reserved],AssessedValuation[Dist],$C8,AssessedValuation[Tif_NonTIF],$A$4) -> 0 | M8: =SUMIFS(AssessedValuation[100% Reserved4],AssessedValuation[Dist],$C8,AssessedValuation[Tif_NonTIF],$A$4) -> 0 | N8: =SUMIFS(AssessedValuation[100% Railroads],AssessedValuation[Dist],$C8,AssessedValuation[Tif_NonTIF],$A$4) -> 0 | O8: =SUMIFS(AssessedValuation[100% Utilities],AssessedValuation[Dist],$C8,AssessedValuation[Tif_NonTIF],$A$4) -> 0 | P8: =SUMIFS(AssessedValuation[100% Other],AssessedValuation[Dist],$C8,AssessedValuation[Tif_NonTIF],$A$4) -> 0 | Q8: =SUMIFS(AssessedValuation[100% Gross],AssessedValuation[Dist],$C8,AssessedValuation[Tif_NonTIF],$A$4) -> 43308199 | R8: =SUMIFS(AssessedValuation[100% Military Exempt],AssessedValuation[Dist],$C8,AssessedValuation[Tif_NonTIF],$A$4) -> 0 | S8: =SUMIFS(AssessedValuation[100% Homestead Exempt],AssessedValuation[Dist],$C8,AssessedValuation[Tif_NonTIF],$A$4) -> 0 | T8: =SUMIFS(AssessedValuation[100% Net],AssessedValuation[Dist],$C8,AssessedValuation[Tif_NonTIF],$A$4) -> 43308199 | U8: =SUMIFS(AssessedValuation[100% Gas & Elec Utilities],AssessedValuation[Dist],$C8,AssessedValuation[Tif_NonTIF],$A$4) -> 0 | V8: =SUM(T8:U8) -> 43308199
A9: ='Assessed Non-TIF'!A9 -> 2026 | B9: ='Assessed Non-TIF'!B9 -> 07 | C9: ='Assessed Non-TIF'!C9 -> 0009 | D9: ='Assessed Non-TIF'!D9 -> 0009 | E9: ='Assessed Non-TIF'!E9 -> AGWSR | F9: ='Assessed Non-TIF'!F9 -> AGWSR | G9: =SUMIFS(AssessedValuation[100% Residential],AssessedValuation[Dist],$C9,AssessedValuation[Tif_NonTIF],$A$4) -> 0 | H9: =SUMIFS(AssessedValuation[100% Ag Land],AssessedValuation[Dist],$C9,AssessedValuation[Tif_NonTIF],$A$4) -> 0 | I9: =SUMIFS(AssessedValuation[100% Ag Building],AssessedValuation[Dist],$C9,AssessedValuation[Tif_NonTIF],$A$4) -> 0 | J9: =SUMIFS(AssessedValuation[100% Commercial],AssessedValuation[Dist],$C9,AssessedValuation[Tif_NonTIF],$A$4) -> 0 | K9: =SUMIFS(AssessedValuation[100% Industrial],AssessedValuation[Dist],$C9,AssessedValuation[Tif_NonTIF],$A$4) -> 672421 | L9: =SUMIFS(AssessedValuation[100% Reserved],AssessedValuation[Dist],$C9,AssessedValuation[Tif_NonTIF],$A$4) -> 0 | M9: =SUMIFS(AssessedValuation[100% Reserved4],AssessedValuation[Dist],$C9,AssessedValuation[Tif_NonTIF],$A$4) -> 0 | N9: =SUMIFS(AssessedValuation[100% Railroads],AssessedValuation[Dist],$C9,AssessedValuation[Tif_NonTIF],$A$4) -> 0 | O9: =SUMIFS(AssessedValuation[100% Utilities],AssessedValuation[Dist],$C9,AssessedValuation[Tif_NonTIF],$A$4) -> 0 | P9: =SUMIFS(AssessedValuation[100% Other],AssessedValuation[Dist],$C9,AssessedValuation[Tif_NonTIF],$A$4) -> 0 | Q9: =SUMIFS(AssessedValuation[100% Gross],AssessedValuation[Dist],$C9,AssessedValuation[Tif_NonTIF],$A$4) -> 672421 | R9: =SUMIFS(AssessedValuation[100% Military Exempt],AssessedValuation[Dist],$C9,AssessedValuation[Tif_NonTIF],$A$4) -> 0 | S9: =SUMIFS(AssessedValuation[100% Homestead Exempt],AssessedValuation[Dist],$C9,AssessedValuation[Tif_NonTIF],$A$4) -> 0 | T9: =SUMIFS(AssessedValuation[100% Net],AssessedValuation[Dist],$C9,AssessedValuation[Tif_NonTIF],$A$4) -> 672421 | U9: =SUMIFS(AssessedValuation[100% Gas & Elec Utilities],AssessedValuation[Dist],$C9,AssessedValuation[Tif_NonTIF],$A$4) -> 0 | V9: =SUM(T9:U9) -> 672421
A10: ='Assessed Non-TIF'!A10 -> 2026 | B10: ='Assessed Non-TIF'!B10 -> 13 | C10: ='Assessed Non-TIF'!C10 -> 0441 | D10: ='Assessed Non-TIF'!D10 -> 0441 | E10: ='Assessed Non-TIF'!E10 -> AHSTW | F10: ='Assessed Non-TIF'!F10 -> AHSTW | G10: =SUMIFS(AssessedValuation[100% Residential],AssessedValuation[Dist],$C10,AssessedValuation[Tif_NonTIF],$A$4) -> 19874604 | H10: =SUMIFS(AssessedValuation[100% Ag Land],AssessedValuation[Dist],$C10,AssessedValuation[Tif_NonTIF],$A$4) -> 179050 | I10: =SUMIFS(AssessedValuation[100% Ag Building],AssessedValuation[Dist],$C10,AssessedValuation[Tif_NonTIF],$A$4) -> 10683 | J10: =SUMIFS(AssessedValuation[100% Commercial],AssessedValuation[Dist],$C10,AssessedValuation[Tif_NonTIF],$A$4) -> 12058498 | K10: =SUMIFS(AssessedValuation[100% Industrial],AssessedValuation[Dist],$C10,AssessedValuation[Tif_NonTIF],$A$4) -> 4411150 | L10: =SUMIFS(AssessedValuation[100% Reserved],AssessedValuation[Dist],$C10,AssessedValuation[Tif_NonTIF],$A$4) -> 0 | M10: =SUMIFS(AssessedValuation[100% Reserved4],AssessedValuation[Dist],$C10,AssessedValuation[Tif_NonTIF],$A$4) -> 0 | N10: =SUMIFS(AssessedValuation[100% Railroads],AssessedValuation[Dist],$C10,AssessedValuation[Tif_NonTIF],$A$4) -> 0 | O10: =SUMIFS(AssessedValuation[100% Utilities],AssessedValuation[Dist],$C10,AssessedValuation[Tif_NonTIF],$A$4) -> 0 | P10: =SUMIFS(AssessedValuation[100% Other],AssessedValuation[Dist],$C10,AssessedValuation[Tif_NonTIF],$A$4) -> 0 | Q10: =SUMIFS(AssessedValuation[100% Gross],AssessedValuation[Dist],$C10,AssessedValuation[Tif_NonTIF],$A$4) -> 36533985 | R10: =SUMIFS(AssessedValuation[100% Military Exempt],AssessedValuation[Dist],$C10,AssessedValuation[Tif_NonTIF],$A$4) -> 44000 | S10: =SUMIFS(AssessedValuation[100% Homestead Exempt],AssessedValuation[Dist],$C10,AssessedValuation[Tif_NonTIF],$A$4) -> 65000 | T10: =SUMIFS(AssessedValuation[100% Net],AssessedValuation[Dist],$C10,AssessedValuation[Tif_NonTIF],$A$4) -> 36424985 | U10: =SUMIFS(AssessedValuation[100% Gas & Elec Utilities],AssessedValuation[Dist],$C10,AssessedValuation[Tif_NonTIF],$A$4) -> 0 | V10: =SUM(T10:U10) -> 36424985
A11: ='Assessed Non-TIF'!A11 -> 2026 | B11: ='Assessed Non-TIF'!B11 -> 12 | C11: ='Assessed Non-TIF'!C11 -> 0063 | D11: ='Assessed Non-TIF'!D11 -> 0063 | E11: ='Assessed Non-TIF'!E11 -> AKRON-WESTFIELD | F11: ='Assessed Non-TIF'!F11 -> Akron-Westfield | G11: =SUMIFS(AssessedValuation[100% Residential],AssessedValuation[Dist],$C11,AssessedValuation[Tif_NonTIF],$A$4) -> 0 | H11: =SUMIFS(AssessedValuation[100% Ag Land],AssessedValuation[Dist],$C11,AssessedValuation[Tif_NonTIF],$A$4) -> 0 | I11: =SUMIFS(AssessedValuation[100% Ag Building],AssessedValuation[Dist],$C11,AssessedValuation[Tif_NonTIF],$A$4) -> 0 | J11: =SUMIFS(AssessedValuation[100% Commercial],AssessedValuation[Dist],$C11,AssessedValuation[Tif_NonTIF],$A$4) -> 0 | K11: =SUMIFS(AssessedValuation[100% Industrial],AssessedValuation[Dist],$C11,AssessedValuation[Tif_NonTIF],$A$4) -> 0 | L11: =SUMIFS(AssessedValuation[100% Reserved],AssessedValuation[Dist],$C11,AssessedValuation[Tif_NonTIF],$A$4) -> 0 | M11: =SUMIFS(AssessedValuation[100% Reserved4],AssessedValuation[Dist],$C11,AssessedValuation[Tif_NonTIF],$A$4) -> 0 | N11: =SUMIFS(AssessedValuation[100% Railroads],AssessedValuation[Dist],$C11,AssessedValuation[Tif_NonTIF],$A$4) -> 0 | O11: =SUMIFS(AssessedValuation[100% Utilities],AssessedValuation[Dist],$C11,AssessedValuation[Tif_NonTIF],$A$4) -> 0 | P11: =SUMIFS(AssessedValuation[100% Other],AssessedValuation[Dist],$C11,AssessedValuation[Tif_NonTIF],$A$4) -> 0 | Q11: =SUMIFS(AssessedValuation[100% Gross],AssessedValuation[Dist],$C11,AssessedValuation[Tif_NonTIF],$A$4) -> 0 | R11: =SUMIFS(AssessedValuation[100% Military Exempt],AssessedValuation[Dist],$C11,AssessedValuation[Tif_NonTIF],$A$4) -> 0 | S11: =SUMIFS(AssessedValuation[100% Homestead Exempt],AssessedValuation[Dist],$C11,AssessedValuation[Tif_NonTIF],$A$4) -> 0 | T11: =SUMIFS(AssessedValuation[100% Net],AssessedValuation[Dist],$C11,AssessedValuation[Tif_NonTIF],$A$4) -> 0 | U11: =SUMIFS(AssessedValuation[100% Gas & Elec Utilities],AssessedValuation[Dist],$C11,AssessedValuation[Tif_NonTIF],$A$4) -> 0 | V11: =SUM(T11:U11) -> 0
A12: ='Assessed Non-TIF'!A12 -> 2026 | B12: ='Assessed Non-TIF'!B12 -> 05 | C12: ='Assessed Non-TIF'!C12 -> 0072 | D12: ='Assessed Non-TIF'!D12 -> 0072 | E12: ='Assessed Non-TIF'!E12 -> ALBERT CITY-TRUESDALE | F12: ='Assessed Non-TIF'!F12 -> Albert City-Truesdale | G12: =SUMIFS(AssessedValuation[100% Residential],AssessedValuation[Dist],$C12,AssessedValuation[Tif_NonTIF],$A$4) -> 0 | H12: =SUMIFS(AssessedValuation[100% Ag Land],AssessedValuation[Dist],$C12,AssessedValuation[Tif_NonTIF],$A$4) -> 0 | I12: =SUMIFS(AssessedValuation[100% Ag Building],AssessedValuation[Dist],$C12,AssessedValuation[Tif_NonTIF],$A$4) -> 0 | J12: =SUMIFS(AssessedValuation[100% Commercial],AssessedValuation[Dist],$C12,AssessedValuation[Tif_NonTIF],$A$4) -> 0 | K12: =SUMIFS(AssessedValuation[100% Industrial],AssessedValuation[Dist],$C12,AssessedValuation[Tif_NonTIF],$A$4) -> 0 | L12: =SUMIFS(AssessedValuation[100% Reserved],AssessedValuation[Dist],$C12,AssessedValuation[Tif_NonTIF],$A$4) -> 0 | M12: =SUMIFS(AssessedValuation[100% Reserved4],AssessedValuation[Dist],$C12,AssessedValuation[Tif_NonTIF],$A$4) -> 0 | N12: =SUMIFS(AssessedValuation[100% Railroads],AssessedValuation[Dist],$C12,AssessedValuation[Tif_NonTIF],$A$4) -> 0 | O12: =SUMIFS(AssessedValuation[100% Utilities],AssessedValuation[Dist],$C12,AssessedValuation[Tif_NonTIF],$A$4) -> 0 | P12: =SUMIFS(AssessedValuation[100% Other],AssessedValuation[Dist],$C12,AssessedValuation[Tif_NonTIF],$A$4) -> 0 | Q12: =SUMIFS(AssessedValuation[100% Gross],AssessedValuation[Dist],$C12,AssessedValuation[Tif_NonTIF],$A$4) -> 0 | R12: =SUMIFS(AssessedValuation[100% Military Exempt],AssessedValuation[Dist],$C12,AssessedValuation[Tif_NonTIF],$A$4) -> 0 | S12: =SUMIFS(AssessedValuation[100% Homestead Exempt],AssessedValuation[Dist],$C12,AssessedValuation[Tif_NonTIF],$A$4) -> 0 | T12: =SUMIFS(AssessedValuation[100% Net],AssessedValuation[Dist],$C12,AssessedValuation[Tif_NonTIF],$A$4) -> 0 | U12: =SUMIFS(AssessedValuation[100% Gas & Elec Utilities],AssessedValuation[Dist],$C12,AssessedValuation[Tif_NonTIF],$A$4) -> 0 | V12: =SUM(T12:U12) -> 0
A13: ='Assessed Non-TIF'!A13 -> 2026 | B13: ='Assessed Non-TIF'!B13 -> 15 | C13: ='Assessed Non-TIF'!C13 -> 0081 | D13: ='Assessed Non-TIF'!D13 -> 0081 | E13: ='Assessed Non-TIF'!E13 -> ALBIA | F13: ='Assessed Non-TIF'!F13 -> Albia | G13: =SUMIFS(AssessedValuation[100% Residential],AssessedValuation[Dist],$C13,AssessedValuation[Tif_NonTIF],$A$4) -> 0 | H13: =SUMIFS(AssessedValuation[100% Ag Land],AssessedValuation[Dist],$C13,AssessedValuation[Tif_NonTIF],$A$4) -> 0 | I13: =SUMIFS(AssessedValuation[100% Ag Building],AssessedValuation[Dist],$C13,AssessedValuation[Tif_NonTIF],$A$4) -> 0 | J13: =SUMIFS(AssessedValuation[100% Commercial],AssessedValuation[Dist],$C13,AssessedValuation[Tif_NonTIF],$A$4) -> 0 | K13: =SUMIFS(AssessedValuation[100% Industrial],AssessedValuation[Dist],$C13,AssessedValuation[Tif_NonTIF],$A$4) -> 0 | L13: =SUMIFS(AssessedValuation[100% Reserved],AssessedValuation[Dist],$C13,AssessedValuation[Tif_NonTIF],$A$4) -> 0 | M13: =SUMIFS(AssessedValuation[100% Reserved4],AssessedValuation[Dist],$C13,AssessedValuation[Tif_NonTIF],$A$4) -> 0 | N13: =SUMIFS(AssessedValuation[100% Railroads],AssessedValuation[Dist],$C13,AssessedValuation[Tif_NonTIF],$A$4) -> 0 | O13: =SUMIFS(AssessedValuation[100% Utilities],AssessedValuation[Dist],$C13,AssessedValuation[Tif_NonTIF],$A$4) -> 0 | P13: =SUMIFS(AssessedValuation[100% Other],AssessedValuation[Dist],$C13,AssessedValuation[Tif_NonTIF],$A$4) -> 0 | Q13: =SUMIFS(AssessedValuation[100% Gross],AssessedValuation[Dist],$C13,AssessedValuation[Tif_NonTIF],$A$4) -> 0 | R13: =SUMIFS(AssessedValuation[100% Military Exempt],AssessedValuation[Dist],$C13,AssessedValuation[Tif_NonTIF],$A$4) -> 0 | S13: =SUMIFS(AssessedValuation[100% Homestead Exempt],AssessedValuation[Dist],$C13,AssessedValuation[Tif_NonTIF],$A$4) -> 0 | T13: =SUMIFS(AssessedValuation[100% Net],AssessedValuation[Dist],$C13,AssessedValuation[Tif_NonTIF],$A$4) -> 0 | U13: =SUMIFS(AssessedValuation[100% Gas & Elec Utilities],AssessedValuation[Dist],$C13,AssessedValuation[Tif_NonTIF],$A$4) -> 0 | V13: =SUM(T13:U13) -> 0
A14: ='Assessed Non-TIF'!A14 -> 2026 | B14: ='Assessed Non-TIF'!B14 -> 10 | C14: ='Assessed Non-TIF'!C14 -> 0099 | D14: ='Assessed Non-TIF'!D14 -> 0099 | E14: ='Assessed Non-TIF'!E14 -> ALBURNETT | F14: ='Assessed Non-TIF'!F14 -> Alburnett | G14: =SUMIFS(AssessedValuation[100% Residential],AssessedValuation[Dist],$C14,AssessedValuation[Tif_NonTIF],$A$4) -> 2292506 | H14: =SUMIFS(AssessedValuation[100% Ag Land],AssessedValuation[Dist],$C14,AssessedValuation[Tif_NonTIF],$A$4) -> 24185 | I14: =SUMIFS(AssessedValuation[100% Ag Building],AssessedValuation[Dist],$C14,AssessedValuation[Tif_NonTIF],$A$4) -> 3712 | J14: =SUMIFS(AssessedValuation[100% Commercial],AssessedValuation[Dist],$C14,AssessedValuation[Tif_NonTIF],$A$4) -> 531251 | K14: =SUMIFS(AssessedValuation[100% Industrial],AssessedValuation[Dist],$C14,AssessedValuation[Tif_NonTIF],$A$4) -> 0 | L14: =SUMIFS(AssessedValuation[100% Reserved],AssessedValuation[Dist],$C14,AssessedValuation[Tif_NonTIF],$A$4) -> 0 | M14: =SUMIFS(AssessedValuation[100% Reserved4],AssessedValuation[Dist],$C14,AssessedValuation[Tif_NonTIF],$A$4) -> 0 | N14: =SUMIFS(AssessedValuation[100% Railroads],AssessedValuation[Dist],$C14,AssessedValuation[Tif_NonTIF],$A$4) -> 0 | O14: =SUMIFS(AssessedValuation[100% Utilities],AssessedValuation[Dist],$C14,AssessedValuation[Tif_NonTIF],$A$4) -> 0 | P14: =SUMIFS(AssessedValuation[100% Other],AssessedValuation[Dist],$C14,AssessedValuation[Tif_NonTIF],$A$4) -> 0 | Q14: =SUMIFS(AssessedValuation[100% Gross],AssessedValuation[Dist],$C14,AssessedValuation[Tif_NonTIF],$A$4) -> 2851654 | R14: =SUMIFS(AssessedValuation[100% Military Exempt],AssessedValuation[Dist],$C14,AssessedValuation[Tif_NonTIF],$A$4) -> 0 | S14: =SUMIFS(AssessedValuation[100% Homestead Exempt],AssessedValuation[Dist],$C14,AssessedValuation[Tif_NonTIF],$A$4) -> 0 | T14: =SUMIFS(AssessedValuation[100% Net],AssessedValuation[Dist],$C14,AssessedValuation[Tif_NonTIF],$A$4) -> 2851654 | U14: =SUMIFS(AssessedValuation[100% Gas & Elec Utilities],AssessedValuation[Dist],$C14,AssessedValuation[Tif_NonTIF],$A$4) -> 0 | V14: =SUM(T14:U14) -> 2851654
A15: ='Assessed Non-TIF'!A15 -> 2026 | B15: ='Assessed Non-TIF'!B15 -> 07 | C15: ='Assessed Non-TIF'!C15 -> 0108 | D15: ='Assessed Non-TIF'!D15 -> 0108 | E15: ='Assessed Non-TIF'!E15 -> ALDEN | F15: ='Assessed Non-TIF'!F15 -> Alden | G15: =SUMIFS(AssessedValuation[100% Residential],AssessedValuation[Dist],$C15,AssessedValuation[Tif_NonTIF],$A$4) -> 0 | H15: =SUMIFS(AssessedValuation[100% Ag Land],AssessedValuation[Dist],$C15,AssessedValuation[Tif_NonTIF],$A$4) -> 0 | I15: =SUMIFS(AssessedValuation[100% Ag Building],AssessedValuation[Dist],$C15,AssessedValuation[Tif_NonTIF],$A$4) -> 0 | J15: =SUMIFS(AssessedValuation[100% Commercial],AssessedValuation[Dist],$C15,AssessedValuation[Tif_NonTIF],$A$4) -> 0 | K15: =SUMIFS(AssessedValuation[100% Industrial],AssessedValuation[Dist],$C15,AssessedValuation[Tif_NonTIF],$A$4) -> 0 | L15: =SUMIFS(AssessedValuation[100% Reserved],AssessedValuation[Dist],$C15,AssessedValuation[Tif_NonTIF],$A$4) -> 0 | M15: =SUMIFS(AssessedValuation[100% Reserved4],AssessedValuation[Dist],$C15,AssessedValuation[Tif_NonTIF],$A$4) -> 0 | N15: =SUMIFS(AssessedValuation[100% Railroads],AssessedValuation[Dist],$C15,AssessedValuation[Tif_NonTIF],$A$4) -> 0 | O15: =SUMIFS(AssessedValuation[100% Utilities],AssessedValuation[Dist],$C15,AssessedValuation[Tif_NonTIF],$A$4) -> 0 | P15: =SUMIFS(AssessedValuation[100% Other],AssessedValuation[Dist],$C15,AssessedValuation[Tif_NonTIF],$A$4) -> 0 | Q15: =SUMIFS(AssessedValuation[100% Gross],AssessedValuation[Dist],$C15,AssessedValuation[Tif_NonTIF],$A$4) -> 0 | R15: =SUMIFS(AssessedValuation[100% Military Exempt],AssessedValuation[Dist],$C15,AssessedValuation[Tif_NonTIF],$A$4) -> 0 | S15: =SUMIFS(AssessedValuation[100% Homestead Exempt],AssessedValuation[Dist],$C15,AssessedValuation[Tif_NonTIF],$A$4) -> 0 | T15: =SUMIFS(AssessedValuation[100% Net],AssessedValuation[Dist],$C15,AssessedValuation[Tif_NonTIF],$A$4) -> 0 | U15: =SUMIFS(AssessedValuation[100% Gas & Elec Utilities],AssessedValuation[Dist],$C15,AssessedValuation[Tif_NonTIF],$A$4) -> 0 | V15: =SUM(T15:U15) -> 0
A16: ='Assessed Non-TIF'!A16 -> 2026 | B16: ='Assessed Non-TIF'!B16 -> 05 | C16: ='Assessed Non-TIF'!C16 -> 0126 | D16: ='Assessed Non-TIF'!D16 -> 0126 | E16: ='Assessed Non-TIF'!E16 -> ALGONA (ALGONA) | F16: ='Assessed Non-TIF'!F16 -> Algona | G16: =SUMIFS(AssessedValuation[100% Residential],AssessedValuation[Dist],$C16,AssessedValuation[Tif_NonTIF],$A$4) -> 14249147 | H16: =SUMIFS(AssessedValuation[100% Ag Land],AssessedValuation[Dist],$C16,AssessedValuation[Tif_NonTIF],$A$4) -> 40733 | I16: =SUMIFS(AssessedValuation[100% Ag Building],AssessedValuation[Dist],$C16,AssessedValuation[Tif_NonTIF],$A$4) -> 0 | J16: =SUMIFS(AssessedValuation[100% Commercial],AssessedValuation[Dist],$C16,AssessedValuation[Tif_NonTIF],$A$4) -> 2029877 | K16: =SUMIFS(AssessedValuation[100% Industrial],AssessedValuation[Dist],$C16,AssessedValuation[Tif_NonTIF],$A$4) -> 2493735 | L16: =SUMIFS(AssessedValuation[100% Reserved],AssessedValuation[Dist],$C16,AssessedValuation[Tif_NonTIF],$A$4) -> 0 | M16: =SUMIFS(AssessedValuation[100% Reserved4],AssessedValuation[Dist],$C16,AssessedValuation[Tif_NonTIF],$A$4) -> 0 | N16: =SUMIFS(AssessedValuation[100% Railroads],AssessedValuation[Dist],$C16,AssessedValuation[Tif_NonTIF],$A$4) -> 0 | O16: =SUMIFS(AssessedValuation[100% Utilities],AssessedValuation[Dist],$C16,AssessedValuation[Tif_NonTIF],$A$4) -> 0 | P16: =SUMIFS(AssessedValuation[100% Other],AssessedValuation[Dist],$C16,AssessedValuation[Tif_NonTIF],$A$4) -> 0 | Q16: =SUMIFS(AssessedValuation[100% Gross],AssessedValuation[Dist],$C16,AssessedValuation[Tif_NonTIF],$A$4) -> 18813492 | R16: =SUMIFS(AssessedValuation[100% Military Exempt],AssessedValuation[Dist],$C16,AssessedValuation[Tif_NonTIF],$A$4) -> 0 | S16: =SUMIFS(AssessedValuation[100% Homestead Exempt],AssessedValuation[Dist],$C16,AssessedValuation[Tif_NonTIF],$A$4) -> 0 | T16: =SUMIFS(AssessedValuation[100% Net],AssessedValuation[Dist],$C16,AssessedValuation[Tif_NonTIF],$A$4) -> 18813492 | U16: =SUMIFS(AssessedValuation[100% Gas & Elec Utilities],AssessedValuation[Dist],$C16,AssessedValuation[Tif_NonTIF],$A$4) -> 0 | V16: =SUM(T16:U16) -> 18813492
A17: ='Assessed Non-TIF'!A17 -> 2026 | B17: ='Assessed Non-TIF'!B17 -> 05 | C17: ='Assessed Non-TIF'!C17 -> 6417 | D17: ='Assessed Non-TIF'!D17 -> 6417 | E17: ='Assessed Non-TIF'!E17 -> ALGONA (TITONKA) | F17: ='Assessed Non-TIF'!F17 -> Algona (Titonka) | G17: =SUMIFS(AssessedValuation[100% Residential],AssessedValuation[Dist],$C17,AssessedValuation[Tif_NonTIF],$A$4) -> 367751 | H17: =SUMIFS(AssessedValuation[100% Ag Land],AssessedValuation[Dist],$C17,AssessedValuation[Tif_NonTIF],$A$4) -> 0 | I17: =SUMIFS(AssessedValuation[100% Ag Building],AssessedValuation[Dist],$C17,AssessedValuation[Tif_NonTIF],$A$4) -> 0 | J17: =SUMIFS(AssessedValuation[100% Commercial],AssessedValuation[Dist],$C17,AssessedValuation[Tif_NonTIF],$A$4) -> 8317660 | K17: =SUMIFS(AssessedValuation[100% Industrial],AssessedValuation[Dist],$C17,AssessedValuation[Tif_NonTIF],$A$4) -> 0 | L17: =SUMIFS(AssessedValuation[100% Reserved],AssessedValuation[Dist],$C17,AssessedValuation[Tif_NonTIF],$A$4) -> 0 | M17: =SUMIFS(AssessedValuation[100% Reserved4],AssessedValuation[Dist],$C17,AssessedValuation[Tif_NonTIF],$A$4) -> 0 | N17: =SUMIFS(AssessedValuation[100% Railroads],AssessedValuation[Dist],$C17,AssessedValuation[Tif_NonTIF],$A$4) -> 0 | O17: =SUMIFS(AssessedValuation[100% Utilities],AssessedValuation[Dist],$C17,AssessedValuation[Tif_NonTIF],$A$4) -> 0 | P17: =SUMIFS(AssessedValuation[100% Other],AssessedValuation[Dist],$C17,AssessedValuation[Tif_NonTIF],$A$4) -> 0 | Q17: =SUMIFS(AssessedValuation[100% Gross],AssessedValuation[Dist],$C17,AssessedValuation[Tif_NonTIF],$A$4) -> 8685411 | R17: =SUMIFS(AssessedValuation[100% Military Exempt],AssessedValuation[Dist],$C17,AssessedValuation[Tif_NonTIF],$A$4) -> 0 | S17: =SUMIFS(AssessedValuation[100% Homestead Exempt],AssessedValuation[Dist],$C17,AssessedValuation[Tif_NonTIF],$A$4) -> 0 | T17: =SUMIFS(AssessedValuation[100% Net],AssessedValuation[Dist],$C17,AssessedValuation[Tif_NonTIF],$A$4) -> 8685411 | U17: =SUMIFS(AssessedValuation[100% Gas & Elec Utilities],AssessedValuation[Dist],$C17,AssessedValuation[Tif_NonTIF],$A$4) -> 0 | V17: =SUM(T17:U17) -> 8685411
A18: ='Assessed Non-TIF'!A18 -> 2026 | B18: ='Assessed Non-TIF'!B18 -> 05 | C18: ='Assessed Non-TIF'!C18 -> 3897 | D18: ='Assessed Non-TIF'!D18 -> 3897 | E18: ='Assessed Non-TIF'!E18 -> ALGONA (LU VERNE) | F18: ='Assessed Non-TIF'!F18 -> Algona (Lu Verne) | G18: =SUMIFS(AssessedValuation[100% Residential],AssessedValuation[Dist],$C18,AssessedValuation[Tif_NonTIF],$A$4) -> 0 | H18: =SUMIFS(AssessedValuation[100% Ag Land],AssessedValuation[Dist],$C18,AssessedValuation[Tif_NonTIF],$A$4) -> 0 | I18: =SUMIFS(AssessedValuation[100% Ag Building],AssessedValuation[Dist],$C18,AssessedValuation[Tif_NonTIF],$A$4) -> 0 | J18: =SUMIFS(AssessedValuation[100% Commercial],AssessedValuation[Dist],$C18,AssessedValuation[Tif_NonTIF],$A$4) -> 4437178 | K18: =SUMIFS(AssessedValuation[100% Industrial],AssessedValuation[Dist],$C18,AssessedValuation[Tif_NonTIF],$A$4) -> 7689289 | L18: =SUMIFS(AssessedValuation[100% Reserved],AssessedValuation[Dist],$C18,AssessedValuation[Tif_NonTIF],$A$4) -> 0 | M18: =SUMIFS(AssessedValuation[100% Reserved4],AssessedValuation[Dist],$C18,AssessedValuation[Tif_NonTIF],$A$4) -> 0 | N18: =SUMIFS(AssessedValuation[100% Railroads],AssessedValuation[Dist],$C18,AssessedValuation[Tif_NonTIF],$A$4) -> 0 | O18: =SUMIFS(AssessedValuation[100% Utilities],AssessedValuation[Dist],$C18,AssessedValuation[Tif_NonTIF],$A$4) -> 0 | P18: =SUMIFS(AssessedValuation[100% Other],AssessedValuation[Dist],$C18,AssessedValuation[Tif_NonTIF],$A$4) -> 0 | Q18: =SUMIFS(AssessedValuation[100% Gross],AssessedValuation[Dist],$C18,AssessedValuation[Tif_NonTIF],$A$4) -> 12126467 | R18: =SUMIFS(AssessedValuation[100% Military Exempt],AssessedValuation[Dist],$C18,AssessedValuation[Tif_NonTIF],$A$4) -> 0 | S18: =SUMIFS(AssessedValuation[100% Homestead Exempt],AssessedValuation[Dist],$C18,AssessedValuation[Tif_NonTIF],$A$4) -> 0 | T18: =SUMIFS(AssessedValuation[100% Net],AssessedValuation[Dist],$C18,AssessedValuation[Tif_NonTIF],$A$4) -> 12126467 | U18: =SUMIFS(AssessedValuation[100% Gas & Elec Utilities],AssessedValuation[Dist],$C18,AssessedValuation[Tif_NonTIF],$A$4) -> 0 | V18: =SUM(T18:U18) -> 12126467
... A337: ='Assessed Non-TIF'!A337 -> 2026 | B337: ='Assessed Non-TIF'!B337 -> 11 | C337: ='Assessed Non-TIF'!C337 -> 7110 | D337: ='Assessed Non-TIF'!D337 -> 7110 | E337: ='Assessed Non-TIF'!E337 -> WOODWARD-GRANGER | F337: ='Assessed Non-TIF'!F337 -> Woodward-Granger | G337: =SUMIFS(AssessedValuation[100% Residential],AssessedValuation[Dist],$C337,AssessedValuation[Tif_NonTIF],$A$4) -> 36829941 | H337: =SUMIFS(AssessedValuation[100% Ag Land],AssessedValuation[Dist],$C337,AssessedValuation[Tif_NonTIF],$A$4) -> 778 | I337: =SUMIFS(AssessedValuation[100% Ag Building],AssessedValuation[Dist],$C337,AssessedValuation[Tif_NonTIF],$A$4) -> 0 | J337: =SUMIFS(AssessedValuation[100% Commercial],AssessedValuation[Dist],$C337,AssessedValuation[Tif_NonTIF],$A$4) -> 3304496 | K337: =SUMIFS(AssessedValuation[100% Industrial],AssessedValuation[Dist],$C337,AssessedValuation[Tif_NonTIF],$A$4) -> 0 | L337: =SUMIFS(AssessedValuation[100% Reserved],AssessedValuation[Dist],$C337,AssessedValuation[Tif_NonTIF],$A$4) -> 0 | M337: =SUMIFS(AssessedValuation[100% Reserved4],AssessedValuation[Dist],$C337,AssessedValuation[Tif_NonTIF],$A$4) -> 0 | N337: =SUMIFS(AssessedValuation[100% Railroads],AssessedValuation[Dist],$C337,AssessedValuation[Tif_NonTIF],$A$4) -> 0 | O337: =SUMIFS(AssessedValuation[100% Utilities],AssessedValuation[Dist],$C337,AssessedValuation[Tif_NonTIF],$A$4) -> 0 | P337: =SUMIFS(AssessedValuation[100% Other],AssessedValuation[Dist],$C337,AssessedValuation[Tif_NonTIF],$A$4) -> 0 | Q337: =SUMIFS(AssessedValuation[100% Gross],AssessedValuation[Dist],$C337,AssessedValuation[Tif_NonTIF],$A$4) -> 40135215 | R337: =SUMIFS(AssessedValuation[100% Military Exempt],AssessedValuation[Dist],$C337,AssessedValuation[Tif_NonTIF],$A$4) -> 4000 | S337: =SUMIFS(AssessedValuation[100% Homestead Exempt],AssessedValuation[Dist],$C337,AssessedValuation[Tif_NonTIF],$A$4) -> 19500 | T337: =SUMIFS(AssessedValuation[100% Net],AssessedValuation[Dist],$C337,AssessedValuation[Tif_NonTIF],$A$4) -> 40111715 | U337: =SUMIFS(AssessedValuation[100% Gas & Elec Utilities],AssessedValuation[Dist],$C337,AssessedValuation[Tif_NonTIF],$A$4) -> 0 | V337: =SUM(T337:U337) -> 40111715
G338: =SUM(G7:G337) -> 6391760157 | H338: =SUM(H7:H337) -> 33304738 | I338: =SUM(I7:I337) -> 16816326 | J338: =SUM(J7:J337) -> 8635408904 | K338: =SUM(K7:K337) -> 4810552930 | L338: =SUM(L7:L337) -> 0 | M338: =SUM(M7:M337) -> 0 | N338: =SUM(N7:N337) -> 0 | ... V338: =SUM(V7:V337) -> 19877741920

Sheet Taxable Non-TIF
A1: ='Assessed Non-TIF'!$A$1 -> Iowa Department of Management - June 25, 2025 - Final
A2: =_xlfn.CONCAT("January 1, ",TaxableValuation[[#This Row],[Year]]," - Taxable Valuations") -> January 1, 2024 - Taxable Valuations
A3: =_xlfn.CONCAT("For Fiscal Year ",'2024_School_100pct Valuations B'!A2+2," Budgets") -> For Fiscal Year 2026 Budgets
A4: Non-TIF
A6: FiscalYear | B6: AEA | C6: Dist | D6: DistrictNumber | E6: NAME | F6: Label | G6: Taxable Residential | H6: Taxable Ag Land | I6: Taxable Ag Building | J6: Taxable Commercial | K6: Taxable Industrial | L6: Taxable Reserved | M6: Taxable Reserved | N6: Taxable Railroads | O6: Taxable Utilities | P6: Taxable Other | Q6: Taxable Gross | R6: Taxable Military Exempt | S6: Taxable Homestead Exempt | T6: Taxable Net | U6: Taxable Gas & Elec Utilities | V6: Valuation With G&E Utilities
A7: ='Assessed Non-TIF'!A7 -> 2026 | B7: ='Assessed Non-TIF'!B7 -> 11 | C7: ='Assessed Non-TIF'!C7 -> 0018 | D7: ='Assessed Non-TIF'!D7 -> 0018 | E7: ='Assessed Non-TIF'!E7 -> ADAIR-CASEY | F7: ='Assessed Non-TIF'!F7 -> Adair-Casey | G7: =SUMIFS(TaxableValuation[Taxable Residential],TaxableValuation[Dist],$C7,TaxableValuation[Tif_NonTIF],$A$4) -> 45752014 | H7: =SUMIFS(TaxableValuation[Taxable Ag Land],TaxableValuation[Dist],$C7,TaxableValuation[Tif_NonTIF],$A$4) -> 89177493 | I7: =SUMIFS(TaxableValuation[Taxable Ag Building],TaxableValuation[Dist],$C7,TaxableValuation[Tif_NonTIF],$A$4) -> 3449021 | J7: =SUMIFS(TaxableValuation[Taxable Commercial],TaxableValuation[Dist],$C7,TaxableValuation[Tif_NonTIF],$A$4) -> 13415599 | K7: =SUMIFS(TaxableValuation[Taxable Industrial],TaxableValuation[Dist],$C7,TaxableValuation[Tif_NonTIF],$A$4) -> 22099651 | L7: =SUMIFS(TaxableValuation[Taxable Reserved],TaxableValuation[Dist],$C7,TaxableValuation[Tif_NonTIF],$A$4) -> 0 | M7: =SUMIFS(TaxableValuation[Taxable Reserved2],TaxableValuation[Dist],$C7,TaxableValuation[Tif_NonTIF],$A$4) -> 0 | N7: =SUMIFS(TaxableValuation[Taxable Railroads],TaxableValuation[Dist],$C7,TaxableValuation[Tif_NonTIF],$A$4) -> 3453929 | O7: =SUMIFS(TaxableValuation[Taxable Utilities],TaxableValuation[Dist],$C7,TaxableValuation[Tif_NonTIF],$A$4) -> 214215 | P7: =SUMIFS(TaxableValuation[Taxable Other],TaxableValuation[Dist],$C7,TaxableValuation[Tif_NonTIF],$A$4) -> 0 | Q7: =SUMIFS(TaxableValuation[Taxable Gross],TaxableValuation[Dist],$C7,TaxableValuation[Tif_NonTIF],$A$4) -> 177561922 | R7: =SUMIFS(TaxableValuation[Taxable Military Exempt],TaxableValuation[Dist],$C7,TaxableValuation[Tif_NonTIF],$A$4) -> 352000 | S7: =SUMIFS(TaxableValuation[Taxable Homestead Exempt],TaxableValuation[Dist],$C7,TaxableValuation[Tif_NonTIF],$A$4) -> 1014000 | T7: =SUMIFS(TaxableValuation[Taxable Net],TaxableValuation[Dist],$C7,TaxableValuation[Tif_NonTIF],$A$4) -> 176195922 | U7: =SUMIFS(TaxableValuation[Taxable Gas & Elec Utilities],TaxableValuation[Dist],$C7,TaxableValuation[Tif_NonTIF],$A$4) -> 20438461 | V7: =SUM(T7:U7) -> 196634383
A8: ='Assessed Non-TIF'!A8 -> 2026 | B8: ='Assessed Non-TIF'!B8 -> 11 | C8: ='Assessed Non-TIF'!C8 -> 0027 | D8: ='Assessed Non-TIF'!D8 -> 0027 | E8: ='Assessed Non-TIF'!E8 -> ADEL-DESOTO-MINBURN | F8: ='Assessed Non-TIF'!F8 -> Adel-Desoto-Minburn | G8: =SUMIFS(TaxableValuation[Taxable Residential],TaxableValuation[Dist],$C8,TaxableValuation[Tif_NonTIF],$A$4) -> 526222704 | H8: =SUMIFS(TaxableValuation[Taxable Ag Land],TaxableValuation[Dist],$C8,TaxableValuation[Tif_NonTIF],$A$4) -> 84673013 | I8: =SUMIFS(TaxableValuation[Taxable Ag Building],TaxableValuation[Dist],$C8,TaxableValuation[Tif_NonTIF],$A$4) -> 4294143 | J8: =SUMIFS(TaxableValuation[Taxable Commercial],TaxableValuation[Dist],$C8,TaxableValuation[Tif_NonTIF],$A$4) -> 90959162 | K8: =SUMIFS(TaxableValuation[Taxable Industrial],TaxableValuation[Dist],$C8,TaxableValuation[Tif_NonTIF],$A$4) -> 23835994 | L8: =SUMIFS(TaxableValuation[Taxable Reserved],TaxableValuation[Dist],$C8,TaxableValuation[Tif_NonTIF],$A$4) -> 0 | M8: =SUMIFS(TaxableValuation[Taxable Reserved2],TaxableValuation[Dist],$C8,TaxableValuation[Tif_NonTIF],$A$4) -> 0 | N8: =SUMIFS(TaxableValuation[Taxable Railroads],TaxableValuation[Dist],$C8,TaxableValuation[Tif_NonTIF],$A$4) -> 1256331 | O8: =SUMIFS(TaxableValuation[Taxable Utilities],TaxableValuation[Dist],$C8,TaxableValuation[Tif_NonTIF],$A$4) -> 12466003 | P8: =SUMIFS(TaxableValuation[Taxable Other],TaxableValuation[Dist],$C8,TaxableValuation[Tif_NonTIF],$A$4) -> 0 | Q8: =SUMIFS(TaxableValuation[Taxable Gross],TaxableValuation[Dist],$C8,TaxableValuation[Tif_NonTIF],$A$4) -> 743707350 | R8: =SUMIFS(TaxableValuation[Taxable Military Exempt],TaxableValuation[Dist],$C8,TaxableValuation[Tif_NonTIF],$A$4) -> 1243313 | S8: =SUMIFS(TaxableValuation[Taxable Homestead Exempt],TaxableValuation[Dist],$C8,TaxableValuation[Tif_NonTIF],$A$4) -> 4055303 | T8: =SUMIFS(TaxableValuation[Taxable Net],TaxableValuation[Dist],$C8,TaxableValuation[Tif_NonTIF],$A$4) -> 738408734 | U8: =SUMIFS(TaxableValuation[Taxable Gas & Elec Utilities],TaxableValuation[Dist],$C8,TaxableValuation[Tif_NonTIF],$A$4) -> 54231889 | V8: =SUM(T8:U8) -> 792640623
A9: ='Assessed Non-TIF'!A9 -> 2026 | B9: ='Assessed Non-TIF'!B9 -> 07 | C9: ='Assessed Non-TIF'!C9 -> 0009 | D9: ='Assessed Non-TIF'!D9 -> 0009 | E9: ='Assessed Non-TIF'!E9 -> AGWSR | F9: ='Assessed Non-TIF'!F9 -> AGWSR | G9: =SUMIFS(TaxableValuation[Taxable Residential],TaxableValuation[Dist],$C9,TaxableValuation[Tif_NonTIF],$A$4) -> 118499091 | H9: =SUMIFS(TaxableValuation[Taxable Ag Land],TaxableValuation[Dist],$C9,TaxableValuation[Tif_NonTIF],$A$4) -> 229902960 | I9: =SUMIFS(TaxableValuation[Taxable Ag Building],TaxableValuation[Dist],$C9,TaxableValuation[Tif_NonTIF],$A$4) -> 19477467 | J9: =SUMIFS(TaxableValuation[Taxable Commercial],TaxableValuation[Dist],$C9,TaxableValuation[Tif_NonTIF],$A$4) -> 25733193 | K9: =SUMIFS(TaxableValuation[Taxable Industrial],TaxableValuation[Dist],$C9,TaxableValuation[Tif_NonTIF],$A$4) -> 78146360 | L9: =SUMIFS(TaxableValuation[Taxable Reserved],TaxableValuation[Dist],$C9,TaxableValuation[Tif_NonTIF],$A$4) -> 0 | M9: =SUMIFS(TaxableValuation[Taxable Reserved2],TaxableValuation[Dist],$C9,TaxableValuation[Tif_NonTIF],$A$4) -> 0 | N9: =SUMIFS(TaxableValuation[Taxable Railroads],TaxableValuation[Dist],$C9,TaxableValuation[Tif_NonTIF],$A$4) -> 3100265 | O9: =SUMIFS(TaxableValuation[Taxable Utilities],TaxableValuation[Dist],$C9,TaxableValuation[Tif_NonTIF],$A$4) -> 27472612 | P9: =SUMIFS(TaxableValuation[Taxable Other],TaxableValuation[Dist],$C9,TaxableValuation[Tif_NonTIF],$A$4) -> 0 | Q9: =SUMIFS(TaxableValuation[Taxable Gross],TaxableValuation[Dist],$C9,TaxableValuation[Tif_NonTIF],$A$4) -> 502331948 | R9: =SUMIFS(TaxableValuation[Taxable Military Exempt],TaxableValuation[Dist],$C9,TaxableValuation[Tif_NonTIF],$A$4) -> 868000 | S9: =SUMIFS(TaxableValuation[Taxable Homestead Exempt],TaxableValuation[Dist],$C9,TaxableValuation[Tif_NonTIF],$A$4) -> 3243500 | T9: =SUMIFS(TaxableValuation[Taxable Net],TaxableValuation[Dist],$C9,TaxableValuation[Tif_NonTIF],$A$4) -> 498220448 | U9: =SUMIFS(TaxableValuation[Taxable Gas & Elec Utilities],TaxableValuation[Dist],$C9,TaxableValuation[Tif_NonTIF],$A$4) -> 21718259 | V9: =SUM(T9:U9) -> 519938707
A10: ='Assessed Non-TIF'!A10 -> 2026 | B10: ='Assessed Non-TIF'!B10 -> 13 | C10: ='Assessed Non-TIF'!C10 -> 0441 | D10: ='Assessed Non-TIF'!D10 -> 0441 | E10: ='Assessed Non-TIF'!E10 -> AHSTW | F10: ='Assessed Non-TIF'!F10 -> AHSTW | G10: =SUMIFS(TaxableValuation[Taxable Residential],TaxableValuation[Dist],$C10,TaxableValuation[Tif_NonTIF],$A$4) -> 153997652 | H10: =SUMIFS(TaxableValuation[Taxable Ag Land],TaxableValuation[Dist],$C10,TaxableValuation[Tif_NonTIF],$A$4) -> 253966416 | I10: =SUMIFS(TaxableValuation[Taxable Ag Building],TaxableValuation[Dist],$C10,TaxableValuation[Tif_NonTIF],$A$4) -> 9519199 | J10: =SUMIFS(TaxableValuation[Taxable Commercial],TaxableValuation[Dist],$C10,TaxableValuation[Tif_NonTIF],$A$4) -> 37414281 | K10: =SUMIFS(TaxableValuation[Taxable Industrial],TaxableValuation[Dist],$C10,TaxableValuation[Tif_NonTIF],$A$4) -> 123698907 | L10: =SUMIFS(TaxableValuation[Taxable Reserved],TaxableValuation[Dist],$C10,TaxableValuation[Tif_NonTIF],$A$4) -> 0 | M10: =SUMIFS(TaxableValuation[Taxable Reserved2],TaxableValuation[Dist],$C10,TaxableValuation[Tif_NonTIF],$A$4) -> 0 | N10: =SUMIFS(TaxableValuation[Taxable Railroads],TaxableValuation[Dist],$C10,TaxableValuation[Tif_NonTIF],$A$4) -> 4298868 | O10: =SUMIFS(TaxableValuation[Taxable Utilities],TaxableValuation[Dist],$C10,TaxableValuation[Tif_NonTIF],$A$4) -> 2997056 | P10: =SUMIFS(TaxableValuation[Taxable Other],TaxableValuation[Dist],$C10,TaxableValuation[Tif_NonTIF],$A$4) -> 129 | Q10: =SUMIFS(TaxableValuation[Taxable Gross],TaxableValuation[Dist],$C10,TaxableValuation[Tif_NonTIF],$A$4) -> 585892508 | R10: =SUMIFS(TaxableValuation[Taxable Military Exempt],TaxableValuation[Dist],$C10,TaxableValuation[Tif_NonTIF],$A$4) -> 1040000 | S10: =SUMIFS(TaxableValuation[Taxable Homestead Exempt],TaxableValuation[Dist],$C10,TaxableValuation[Tif_NonTIF],$A$4) -> 2522000 | T10: =SUMIFS(TaxableValuation[Taxable Net],TaxableValuation[Dist],$C10,TaxableValuation[Tif_NonTIF],$A$4) -> 582330508 | U10: =SUMIFS(TaxableValuation[Taxable Gas & Elec Utilities],TaxableValuation[Dist],$C10,TaxableValuation[Tif_NonTIF],$A$4) -> 21593259 | V10: =SUM(T10:U10) -> 603923767
A11: ='Assessed Non-TIF'!A11 -> 2026 | B11: ='Assessed Non-TIF'!B11 -> 12 | C11: ='Assessed Non-TIF'!C11 -> 0063 | D11: ='Assessed Non-TIF'!D11 -> 0063 | E11: ='Assessed Non-TIF'!E11 -> AKRON-WESTFIELD | F11: ='Assessed Non-TIF'!F11 -> Akron-Westfield | G11: =SUMIFS(TaxableValuation[Taxable Residential],TaxableValuation[Dist],$C11,TaxableValuation[Tif_NonTIF],$A$4) -> 121703828 | H11: =SUMIFS(TaxableValuation[Taxable Ag Land],TaxableValuation[Dist],$C11,TaxableValuation[Tif_NonTIF],$A$4) -> 113179419 | I11: =SUMIFS(TaxableValuation[Taxable Ag Building],TaxableValuation[Dist],$C11,TaxableValuation[Tif_NonTIF],$A$4) -> 8037986 | J11: =SUMIFS(TaxableValuation[Taxable Commercial],TaxableValuation[Dist],$C11,TaxableValuation[Tif_NonTIF],$A$4) -> 20454266 | K11: =SUMIFS(TaxableValuation[Taxable Industrial],TaxableValuation[Dist],$C11,TaxableValuation[Tif_NonTIF],$A$4) -> 850909 | L11: =SUMIFS(TaxableValuation[Taxable Reserved],TaxableValuation[Dist],$C11,TaxableValuation[Tif_NonTIF],$A$4) -> 0 | M11: =SUMIFS(TaxableValuation[Taxable Reserved2],TaxableValuation[Dist],$C11,TaxableValuation[Tif_NonTIF],$A$4) -> 0 | N11: =SUMIFS(TaxableValuation[Taxable Railroads],TaxableValuation[Dist],$C11,TaxableValuation[Tif_NonTIF],$A$4) -> 0 | O11: =SUMIFS(TaxableValuation[Taxable Utilities],TaxableValuation[Dist],$C11,TaxableValuation[Tif_NonTIF],$A$4) -> 590283 | P11: =SUMIFS(TaxableValuation[Taxable Other],TaxableValuation[Dist],$C11,TaxableValuation[Tif_NonTIF],$A$4) -> 0 | Q11: =SUMIFS(TaxableValuation[Taxable Gross],TaxableValuation[Dist],$C11,TaxableValuation[Tif_NonTIF],$A$4) -> 264816691 | R11: =SUMIFS(TaxableValuation[Taxable Military Exempt],TaxableValuation[Dist],$C11,TaxableValuation[Tif_NonTIF],$A$4) -> 596000 | S11: =SUMIFS(TaxableValuation[Taxable Homestead Exempt],TaxableValuation[Dist],$C11,TaxableValuation[Tif_NonTIF],$A$4) -> 1482000 | T11: =SUMIFS(TaxableValuation[Taxable Net],TaxableValuation[Dist],$C11,TaxableValuation[Tif_NonTIF],$A$4) -> 262738691 | U11: =SUMIFS(TaxableValuation[Taxable Gas & Elec Utilities],TaxableValuation[Dist],$C11,TaxableValuation[Tif_NonTIF],$A$4) -> 1346019 | V11: =SUM(T11:U11) -> 264084710
A12: ='Assessed Non-TIF'!A12 -> 2026 | B12: ='Assessed Non-TIF'!B12 -> 05 | C12: ='Assessed Non-TIF'!C12 -> 0072 | D12: ='Assessed Non-TIF'!D12 -> 0072 | E12: ='Assessed Non-TIF'!E12 -> ALBERT CITY-TRUESDALE | F12: ='Assessed Non-TIF'!F12 -> Albert City-Truesdale | G12: =SUMIFS(TaxableValuation[Taxable Residential],TaxableValuation[Dist],$C12,TaxableValuation[Tif_NonTIF],$A$4) -> 39422591 | H12: =SUMIFS(TaxableValuation[Taxable Ag Land],TaxableValuation[Dist],$C12,TaxableValuation[Tif_NonTIF],$A$4) -> 91546390 | I12: =SUMIFS(TaxableValuation[Taxable Ag Building],TaxableValuation[Dist],$C12,TaxableValuation[Tif_NonTIF],$A$4) -> 10798696 | J12: =SUMIFS(TaxableValuation[Taxable Commercial],TaxableValuation[Dist],$C12,TaxableValuation[Tif_NonTIF],$A$4) -> 17329794 | K12: =SUMIFS(TaxableValuation[Taxable Industrial],TaxableValuation[Dist],$C12,TaxableValuation[Tif_NonTIF],$A$4) -> 18891032 | L12: =SUMIFS(TaxableValuation[Taxable Reserved],TaxableValuation[Dist],$C12,TaxableValuation[Tif_NonTIF],$A$4) -> 0 | M12: =SUMIFS(TaxableValuation[Taxable Reserved2],TaxableValuation[Dist],$C12,TaxableValuation[Tif_NonTIF],$A$4) -> 0 | N12: =SUMIFS(TaxableValuation[Taxable Railroads],TaxableValuation[Dist],$C12,TaxableValuation[Tif_NonTIF],$A$4) -> 3668183 | O12: =SUMIFS(TaxableValuation[Taxable Utilities],TaxableValuation[Dist],$C12,TaxableValuation[Tif_NonTIF],$A$4) -> 1464281 | P12: =SUMIFS(TaxableValuation[Taxable Other],TaxableValuation[Dist],$C12,TaxableValuation[Tif_NonTIF],$A$4) -> 0 | Q12: =SUMIFS(TaxableValuation[Taxable Gross],TaxableValuation[Dist],$C12,TaxableValuation[Tif_NonTIF],$A$4) -> 183120967 | R12: =SUMIFS(TaxableValuation[Taxable Military Exempt],TaxableValuation[Dist],$C12,TaxableValuation[Tif_NonTIF],$A$4) -> 256000 | S12: =SUMIFS(TaxableValuation[Taxable Homestead Exempt],TaxableValuation[Dist],$C12,TaxableValuation[Tif_NonTIF],$A$4) -> 786500 | T12: =SUMIFS(TaxableValuation[Taxable Net],TaxableValuation[Dist],$C12,TaxableValuation[Tif_NonTIF],$A$4) -> 182078467 | U12: =SUMIFS(TaxableValuation[Taxable Gas & Elec Utilities],TaxableValuation[Dist],$C12,TaxableValuation[Tif_NonTIF],$A$4) -> 19715871 | V12: =SUM(T12:U12) -> 201794338
A13: ='Assessed Non-TIF'!A13 -> 2026 | B13: ='Assessed Non-TIF'!B13 -> 15 | C13: ='Assessed Non-TIF'!C13 -> 0081 | D13: ='Assessed Non-TIF'!D13 -> 0081 | E13: ='Assessed Non-TIF'!E13 -> ALBIA | F13: ='Assessed Non-TIF'!F13 -> Albia | G13: =SUMIFS(TaxableValuation[Taxable Residential],TaxableValuation[Dist],$C13,TaxableValuation[Tif_NonTIF],$A$4) -> 190532976 | H13: =SUMIFS(TaxableValuation[Taxable Ag Land],TaxableValuation[Dist],$C13,TaxableValuation[Tif_NonTIF],$A$4) -> 96666685 | I13: =SUMIFS(TaxableValuation[Taxable Ag Building],TaxableValuation[Dist],$C13,TaxableValuation[Tif_NonTIF],$A$4) -> 3269015 | J13: =SUMIFS(TaxableValuation[Taxable Commercial],TaxableValuation[Dist],$C13,TaxableValuation[Tif_NonTIF],$A$4) -> 28553792 | K13: =SUMIFS(TaxableValuation[Taxable Industrial],TaxableValuation[Dist],$C13,TaxableValuation[Tif_NonTIF],$A$4) -> 10613029 | L13: =SUMIFS(TaxableValuation[Taxable Reserved],TaxableValuation[Dist],$C13,TaxableValuation[Tif_NonTIF],$A$4) -> 0 | M13: =SUMIFS(TaxableValuation[Taxable Reserved2],TaxableValuation[Dist],$C13,TaxableValuation[Tif_NonTIF],$A$4) -> 0 | N13: =SUMIFS(TaxableValuation[Taxable Railroads],TaxableValuation[Dist],$C13,TaxableValuation[Tif_NonTIF],$A$4) -> 38689784 | O13: =SUMIFS(TaxableValuation[Taxable Utilities],TaxableValuation[Dist],$C13,TaxableValuation[Tif_NonTIF],$A$4) -> 1770575 | P13: =SUMIFS(TaxableValuation[Taxable Other],TaxableValuation[Dist],$C13,TaxableValuation[Tif_NonTIF],$A$4) -> 28814 | Q13: =SUMIFS(TaxableValuation[Taxable Gross],TaxableValuation[Dist],$C13,TaxableValuation[Tif_NonTIF],$A$4) -> 370124670 | R13: =SUMIFS(TaxableValuation[Taxable Military Exempt],TaxableValuation[Dist],$C13,TaxableValuation[Tif_NonTIF],$A$4) -> 1006401 | S13: =SUMIFS(TaxableValuation[Taxable Homestead Exempt],TaxableValuation[Dist],$C13,TaxableValuation[Tif_NonTIF],$A$4) -> 4701123 | T13: =SUMIFS(TaxableValuation[Taxable Net],TaxableValuation[Dist],$C13,TaxableValuation[Tif_NonTIF],$A$4) -> 364417146 | U13: =SUMIFS(TaxableValuation[Taxable Gas & Elec Utilities],TaxableValuation[Dist],$C13,TaxableValuation[Tif_NonTIF],$A$4) -> 4631586 | V13: =SUM(T13:U13) -> 369048732
A14: ='Assessed Non-TIF'!A14 -> 2026 | B14: ='Assessed Non-TIF'!B14 -> 10 | C14: ='Assessed Non-TIF'!C14 -> 0099 | D14: ='Assessed Non-TIF'!D14 -> 0099 | E14: ='Assessed Non-TIF'!E14 -> ALBURNETT | F14: ='Assessed Non-TIF'!F14 -> Alburnett | G14: =SUMIFS(TaxableValuation[Taxable Residential],TaxableValuation[Dist],$C14,TaxableValuation[Tif_NonTIF],$A$4) -> 208895687 | H14: =SUMIFS(TaxableValuation[Taxable Ag Land],TaxableValuation[Dist],$C14,TaxableValuation[Tif_NonTIF],$A$4) -> 50750932 | I14: =SUMIFS(TaxableValuation[Taxable Ag Building],TaxableValuation[Dist],$C14,TaxableValuation[Tif_NonTIF],$A$4) -> 5163421 | J14: =SUMIFS(TaxableValuation[Taxable Commercial],TaxableValuation[Dist],$C14,TaxableValuation[Tif_NonTIF],$A$4) -> 13061340 | K14: =SUMIFS(TaxableValuation[Taxable Industrial],TaxableValuation[Dist],$C14,TaxableValuation[Tif_NonTIF],$A$4) -> 231976 | L14: =SUMIFS(TaxableValuation[Taxable Reserved],TaxableValuation[Dist],$C14,TaxableValuation[Tif_NonTIF],$A$4) -> 0 | M14: =SUMIFS(TaxableValuation[Taxable Reserved2],TaxableValuation[Dist],$C14,TaxableValuation[Tif_NonTIF],$A$4) -> 0 | N14: =SUMIFS(TaxableValuation[Taxable Railroads],TaxableValuation[Dist],$C14,TaxableValuation[Tif_NonTIF],$A$4) -> 1764506 | O14: =SUMIFS(TaxableValuation[Taxable Utilities],TaxableValuation[Dist],$C14,TaxableValuation[Tif_NonTIF],$A$4) -> 1474 | P14: =SUMIFS(TaxableValuation[Taxable Other],TaxableValuation[Dist],$C14,TaxableValuation[Tif_NonTIF],$A$4) -> 0 | Q14: =SUMIFS(TaxableValuation[Taxable Gross],TaxableValuation[Dist],$C14,TaxableValuation[Tif_NonTIF],$A$4) -> 279869336 | R14: =SUMIFS(TaxableValuation[Taxable Military Exempt],TaxableValuation[Dist],$C14,TaxableValuation[Tif_NonTIF],$A$4) -> 656000 | S14: =SUMIFS(TaxableValuation[Taxable Homestead Exempt],TaxableValuation[Dist],$C14,TaxableValuation[Tif_NonTIF],$A$4) -> 2834000 | T14: =SUMIFS(TaxableValuation[Taxable Net],TaxableValuation[Dist],$C14,TaxableValuation[Tif_NonTIF],$A$4) -> 276379336 | U14: =SUMIFS(TaxableValuation[Taxable Gas & Elec Utilities],TaxableValuation[Dist],$C14,TaxableValuation[Tif_NonTIF],$A$4) -> 3431389 | V14: =SUM(T14:U14) -> 279810725
A15: ='Assessed Non-TIF'!A15 -> 2026 | B15: ='Assessed Non-TIF'!B15 -> 07 | C15: ='Assessed Non-TIF'!C15 -> 0108 | D15: ='Assessed Non-TIF'!D15 -> 0108 | E15: ='Assessed Non-TIF'!E15 -> ALDEN | F15: ='Assessed Non-TIF'!F15 -> Alden | G15: =SUMIFS(TaxableValuation[Taxable Residential],TaxableValuation[Dist],$C15,TaxableValuation[Tif_NonTIF],$A$4) -> 32912357 | H15: =SUMIFS(TaxableValuation[Taxable Ag Land],TaxableValuation[Dist],$C15,TaxableValuation[Tif_NonTIF],$A$4) -> 78608879 | I15: =SUMIFS(TaxableValuation[Taxable Ag Building],TaxableValuation[Dist],$C15,TaxableValuation[Tif_NonTIF],$A$4) -> 12410090 | J15: =SUMIFS(TaxableValuation[Taxable Commercial],TaxableValuation[Dist],$C15,TaxableValuation[Tif_NonTIF],$A$4) -> 17260979 | K15: =SUMIFS(TaxableValuation[Taxable Industrial],TaxableValuation[Dist],$C15,TaxableValuation[Tif_NonTIF],$A$4) -> 14606012 | L15: =SUMIFS(TaxableValuation[Taxable Reserved],TaxableValuation[Dist],$C15,TaxableValuation[Tif_NonTIF],$A$4) -> 0 | M15: =SUMIFS(TaxableValuation[Taxable Reserved2],TaxableValuation[Dist],$C15,TaxableValuation[Tif_NonTIF],$A$4) -> 0 | N15: =SUMIFS(TaxableValuation[Taxable Railroads],TaxableValuation[Dist],$C15,TaxableValuation[Tif_NonTIF],$A$4) -> 11612024 | O15: =SUMIFS(TaxableValuation[Taxable Utilities],TaxableValuation[Dist],$C15,TaxableValuation[Tif_NonTIF],$A$4) -> 1348401 | P15: =SUMIFS(TaxableValuation[Taxable Other],TaxableValuation[Dist],$C15,TaxableValuation[Tif_NonTIF],$A$4) -> 0 | Q15: =SUMIFS(TaxableValuation[Taxable Gross],TaxableValuation[Dist],$C15,TaxableValuation[Tif_NonTIF],$A$4) -> 168758742 | R15: =SUMIFS(TaxableValuation[Taxable Military Exempt],TaxableValuation[Dist],$C15,TaxableValuation[Tif_NonTIF],$A$4) -> 276000 | S15: =SUMIFS(TaxableValuation[Taxable Homestead Exempt],TaxableValuation[Dist],$C15,TaxableValuation[Tif_NonTIF],$A$4) -> 682500 | T15: =SUMIFS(TaxableValuation[Taxable Net],TaxableValuation[Dist],$C15,TaxableValuation[Tif_NonTIF],$A$4) -> 167800242 | U15: =SUMIFS(TaxableValuation[Taxable Gas & Elec Utilities],TaxableValuation[Dist],$C15,TaxableValuation[Tif_NonTIF],$A$4) -> 1814005 | V15: =SUM(T15:U15) -> 169614247
A16: ='Assessed Non-TIF'!A16 -> 2026 | B16: ='Assessed Non-TIF'!B16 -> 05 | C16: ='Assessed Non-TIF'!C16 -> 0126 | D16: ='Assessed Non-TIF'!D16 -> 0126 | E16: ='Assessed Non-TIF'!E16 -> ALGONA (ALGONA) | F16: ='Assessed Non-TIF'!F16 -> Algona | G16: =SUMIFS(TaxableValuation[Taxable Residential],TaxableValuation[Dist],$C16,TaxableValuation[Tif_NonTIF],$A$4) -> 295695026 | H16: =SUMIFS(TaxableValuation[Taxable Ag Land],TaxableValuation[Dist],$C16,TaxableValuation[Tif_NonTIF],$A$4) -> 238323804 | I16: =SUMIFS(TaxableValuation[Taxable Ag Building],TaxableValuation[Dist],$C16,TaxableValuation[Tif_NonTIF],$A$4) -> 17040089 | J16: =SUMIFS(TaxableValuation[Taxable Commercial],TaxableValuation[Dist],$C16,TaxableValuation[Tif_NonTIF],$A$4) -> 100427486 | K16: =SUMIFS(TaxableValuation[Taxable Industrial],TaxableValuation[Dist],$C16,TaxableValuation[Tif_NonTIF],$A$4) -> 66782195 | L16: =SUMIFS(TaxableValuation[Taxable Reserved],TaxableValuation[Dist],$C16,TaxableValuation[Tif_NonTIF],$A$4) -> 0 | M16: =SUMIFS(TaxableValuation[Taxable Reserved2],TaxableValuation[Dist],$C16,TaxableValuation[Tif_NonTIF],$A$4) -> 0 | N16: =SUMIFS(TaxableValuation[Taxable Railroads],TaxableValuation[Dist],$C16,TaxableValuation[Tif_NonTIF],$A$4) -> 30201517 | O16: =SUMIFS(TaxableValuation[Taxable Utilities],TaxableValuation[Dist],$C16,TaxableValuation[Tif_NonTIF],$A$4) -> 1576197 | P16: =SUMIFS(TaxableValuation[Taxable Other],TaxableValuation[Dist],$C16,TaxableValuation[Tif_NonTIF],$A$4) -> 0 | Q16: =SUMIFS(TaxableValuation[Taxable Gross],TaxableValuation[Dist],$C16,TaxableValuation[Tif_NonTIF],$A$4) -> 750046314 | R16: =SUMIFS(TaxableValuation[Taxable Military Exempt],TaxableValuation[Dist],$C16,TaxableValuation[Tif_NonTIF],$A$4) -> 1512000 | S16: =SUMIFS(TaxableValuation[Taxable Homestead Exempt],TaxableValuation[Dist],$C16,TaxableValuation[Tif_NonTIF],$A$4) -> 5577000 | T16: =SUMIFS(TaxableValuation[Taxable Net],TaxableValuation[Dist],$C16,TaxableValuation[Tif_NonTIF],$A$4) -> 742957314 | U16: =SUMIFS(TaxableValuation[Taxable Gas & Elec Utilities],TaxableValuation[Dist],$C16,TaxableValuation[Tif_NonTIF],$A$4) -> 35615978 | V16: =SUM(T16:U16) -> 778573292
A17: ='Assessed Non-TIF'!A17 -> 2026 | B17: ='Assessed Non-TIF'!B17 -> 05 | C17: ='Assessed Non-TIF'!C17 -> 6417 | D17: ='Assessed Non-TIF'!D17 -> 6417 | E17: ='Assessed Non-TIF'!E17 -> ALGONA (TITONKA) | F17: ='Assessed Non-TIF'!F17 -> Algona (Titonka) | G17: =SUMIFS(TaxableValuation[Taxable Residential],TaxableValuation[Dist],$C17,TaxableValuation[Tif_NonTIF],$A$4) -> 22910121 | H17: =SUMIFS(TaxableValuation[Taxable Ag Land],TaxableValuation[Dist],$C17,TaxableValuation[Tif_NonTIF],$A$4) -> 78082325 | I17: =SUMIFS(TaxableValuation[Taxable Ag Building],TaxableValuation[Dist],$C17,TaxableValuation[Tif_NonTIF],$A$4) -> 4561590 | J17: =SUMIFS(TaxableValuation[Taxable Commercial],TaxableValuation[Dist],$C17,TaxableValuation[Tif_NonTIF],$A$4) -> 5609861 | K17: =SUMIFS(TaxableValuation[Taxable Industrial],TaxableValuation[Dist],$C17,TaxableValuation[Tif_NonTIF],$A$4) -> 0 | L17: =SUMIFS(TaxableValuation[Taxable Reserved],TaxableValuation[Dist],$C17,TaxableValuation[Tif_NonTIF],$A$4) -> 0 | M17: =SUMIFS(TaxableValuation[Taxable Reserved2],TaxableValuation[Dist],$C17,TaxableValuation[Tif_NonTIF],$A$4) -> 0 | N17: =SUMIFS(TaxableValuation[Taxable Railroads],TaxableValuation[Dist],$C17,TaxableValuation[Tif_NonTIF],$A$4) -> 0 | O17: =SUMIFS(TaxableValuation[Taxable Utilities],TaxableValuation[Dist],$C17,TaxableValuation[Tif_NonTIF],$A$4) -> 0 | P17: =SUMIFS(TaxableValuation[Taxable Other],TaxableValuation[Dist],$C17,TaxableValuation[Tif_NonTIF],$A$4) -> 0 | Q17: =SUMIFS(TaxableValuation[Taxable Gross],TaxableValuation[Dist],$C17,TaxableValuation[Tif_NonTIF],$A$4) -> 111163897 | R17: =SUMIFS(TaxableValuation[Taxable Military Exempt],TaxableValuation[Dist],$C17,TaxableValuation[Tif_NonTIF],$A$4) -> 212000 | S17: =SUMIFS(TaxableValuation[Taxable Homestead Exempt],TaxableValuation[Dist],$C17,TaxableValuation[Tif_NonTIF],$A$4) -> 689000 | T17: =SUMIFS(TaxableValuation[Taxable Net],TaxableValuation[Dist],$C17,TaxableValuation[Tif_NonTIF],$A$4) -> 110262897 | U17: =SUMIFS(TaxableValuation[Taxable Gas & Elec Utilities],TaxableValuation[Dist],$C17,TaxableValuation[Tif_NonTIF],$A$4) -> 1480065 | V17: =SUM(T17:U17) -> 111742962
A18: ='Assessed Non-TIF'!A18 -> 2026 | B18: ='Assessed Non-TIF'!B18 -> 05 | C18: ='Assessed Non-TIF'!C18 -> 3897 | D18: ='Assessed Non-TIF'!D18 -> 3897 | E18: ='Assessed Non-TIF'!E18 -> ALGONA (LU VERNE) | F18: ='Assessed Non-TIF'!F18 -> Algona (Lu Verne) | G18: =SUMIFS(TaxableValuation[Taxable Residential],TaxableValuation[Dist],$C18,TaxableValuation[Tif_NonTIF],$A$4) -> 33032718 | H18: =SUMIFS(TaxableValuation[Taxable Ag Land],TaxableValuation[Dist],$C18,TaxableValuation[Tif_NonTIF],$A$4) -> 144928720 | I18: =SUMIFS(TaxableValuation[Taxable Ag Building],TaxableValuation[Dist],$C18,TaxableValuation[Tif_NonTIF],$A$4) -> 24786332 | J18: =SUMIFS(TaxableValuation[Taxable Commercial],TaxableValuation[Dist],$C18,TaxableValuation[Tif_NonTIF],$A$4) -> 28669512 | K18: =SUMIFS(TaxableValuation[Taxable Industrial],TaxableValuation[Dist],$C18,TaxableValuation[Tif_NonTIF],$A$4) -> 17282049 | L18: =SUMIFS(TaxableValuation[Taxable Reserved],TaxableValuation[Dist],$C18,TaxableValuation[Tif_NonTIF],$A$4) -> 0 | M18: =SUMIFS(TaxableValuation[Taxable Reserved2],TaxableValuation[Dist],$C18,TaxableValuation[Tif_NonTIF],$A$4) -> 0 | N18: =SUMIFS(TaxableValuation[Taxable Railroads],TaxableValuation[Dist],$C18,TaxableValuation[Tif_NonTIF],$A$4) -> 15338322 | O18: =SUMIFS(TaxableValuation[Taxable Utilities],TaxableValuation[Dist],$C18,TaxableValuation[Tif_NonTIF],$A$4) -> 653944 | P18: =SUMIFS(TaxableValuation[Taxable Other],TaxableValuation[Dist],$C18,TaxableValuation[Tif_NonTIF],$A$4) -> 0 | Q18: =SUMIFS(TaxableValuation[Taxable Gross],TaxableValuation[Dist],$C18,TaxableValuation[Tif_NonTIF],$A$4) -> 264691597 | R18: =SUMIFS(TaxableValuation[Taxable Military Exempt],TaxableValuation[Dist],$C18,TaxableValuation[Tif_NonTIF],$A$4) -> 304664 | S18: =SUMIFS(TaxableValuation[Taxable Homestead Exempt],TaxableValuation[Dist],$C18,TaxableValuation[Tif_NonTIF],$A$4) -> 816199 | T18: =SUMIFS(TaxableValuation[Taxable Net],TaxableValuation[Dist],$C18,TaxableValuation[Tif_NonTIF],$A$4) -> 263570734 | U18: =SUMIFS(TaxableValuation[Taxable Gas & Elec Utilities],TaxableValuation[Dist],$C18,TaxableValuation[Tif_NonTIF],$A$4) -> 16806677 | V18: =SUM(T18:U18) -> 280377411
... A337: ='Assessed Non-TIF'!A337 -> 2026 | B337: ='Assessed Non-TIF'!B337 -> 11 | C337: ='Assessed Non-TIF'!C337 -> 7110 | D337: ='Assessed Non-TIF'!D337 -> 7110 | E337: ='Assessed Non-TIF'!E337 -> WOODWARD-GRANGER | F337: ='Assessed Non-TIF'!F337 -> Woodward-Granger | G337: =SUMIFS(TaxableValuation[Taxable Residential],TaxableValuation[Dist],$C337,TaxableValuation[Tif_NonTIF],$A$4) -> 301388814 | H337: =SUMIFS(TaxableValuation[Taxable Ag Land],TaxableValuation[Dist],$C337,TaxableValuation[Tif_NonTIF],$A$4) -> 66822982 | I337: =SUMIFS(TaxableValuation[Taxable Ag Building],TaxableValuation[Dist],$C337,TaxableValuation[Tif_NonTIF],$A$4) -> 3845034 | J337: =SUMIFS(TaxableValuation[Taxable Commercial],TaxableValuation[Dist],$C337,TaxableValuation[Tif_NonTIF],$A$4) -> 40251358 | K337: =SUMIFS(TaxableValuation[Taxable Industrial],TaxableValuation[Dist],$C337,TaxableValuation[Tif_NonTIF],$A$4) -> 138874 | L337: =SUMIFS(TaxableValuation[Taxable Reserved],TaxableValuation[Dist],$C337,TaxableValuation[Tif_NonTIF],$A$4) -> 0 | M337: =SUMIFS(TaxableValuation[Taxable Reserved2],TaxableValuation[Dist],$C337,TaxableValuation[Tif_NonTIF],$A$4) -> 0 | N337: =SUMIFS(TaxableValuation[Taxable Railroads],TaxableValuation[Dist],$C337,TaxableValuation[Tif_NonTIF],$A$4) -> 0 | O337: =SUMIFS(TaxableValuation[Taxable Utilities],TaxableValuation[Dist],$C337,TaxableValuation[Tif_NonTIF],$A$4) -> 5651630 | P337: =SUMIFS(TaxableValuation[Taxable Other],TaxableValuation[Dist],$C337,TaxableValuation[Tif_NonTIF],$A$4) -> 4841 | Q337: =SUMIFS(TaxableValuation[Taxable Gross],TaxableValuation[Dist],$C337,TaxableValuation[Tif_NonTIF],$A$4) -> 418103533 | R337: =SUMIFS(TaxableValuation[Taxable Military Exempt],TaxableValuation[Dist],$C337,TaxableValuation[Tif_NonTIF],$A$4) -> 800000 | S337: =SUMIFS(TaxableValuation[Taxable Homestead Exempt],TaxableValuation[Dist],$C337,TaxableValuation[Tif_NonTIF],$A$4) -> 2197000 | T337: =SUMIFS(TaxableValuation[Taxable Net],TaxableValuation[Dist],$C337,TaxableValuation[Tif_NonTIF],$A$4) -> 415106533 | U337: =SUMIFS(TaxableValuation[Taxable Gas & Elec Utilities],TaxableValuation[Dist],$C337,TaxableValuation[Tif_NonTIF],$A$4) -> 7068227 | V337: =SUM(T337:U337) -> 422174760
G338: =SUM(G7:G337) -> 123430273527 | H338: =SUM(H7:H337) -> 38636832103 | I338: =SUM(I7:I337) -> 2910639420 | J338: =SUM(J7:J337) -> 36262458937 | K338: =SUM(K7:K337) -> 10696056711 | L338: =SUM(L7:L337) -> 0 | M338: =SUM(M7:M337) -> 0 | N338: =SUM(N7:N337) -> 2812518984 | ... V338: =SUM(V7:V337) -> 221894948330

Sheet Taxable TIF
A1: ='Assessed Non-TIF'!$A$1 -> Iowa Department of Management - June 25, 2025 - Final
A2: =_xlfn.CONCAT("January 1, ",TaxableValuation[[#This Row],[Year]]," - Taxable Valuations") -> January 1, 2024 - Taxable Valuations
A3: =_xlfn.CONCAT("For Fiscal Year ",'2024_School_100pct Valuations B'!A2+2," Budgets") -> For Fiscal Year 2026 Budgets
A4: TIF
A6: FiscalYear | B6: AEA | C6: Dist | D6: DistrictNumber | E6: NAME | F6: Label | G6: Taxable Residential | H6: Taxable Ag Land | I6: Taxable Ag Building | J6: Taxable Commercial | K6: Taxable Industrial | L6: Taxable Reserved | M6: Taxable Reserved | N6: Taxable Railroads | O6: Taxable Utilities | P6: Taxable Other | Q6: Taxable Gross | R6: Taxable Military Exempt | S6: Taxable Homestead Exempt | T6: Taxable Net | U6: Taxable Gas & Elec Utilities | V6: Valuation With G&E Utilities
A7: ='Assessed Non-TIF'!A7 -> 2026 | B7: ='Assessed Non-TIF'!B7 -> 11 | C7: ='Assessed Non-TIF'!C7 -> 0018 | D7: ='Assessed Non-TIF'!D7 -> 0018 | E7: ='Assessed Non-TIF'!E7 -> ADAIR-CASEY | F7: ='Assessed Non-TIF'!F7 -> Adair-Casey | G7: =SUMIFS(TaxableValuation[Taxable Residential],TaxableValuation[Dist],$C7,TaxableValuation[Tif_NonTIF],$A$4) -> 14875185 | H7: =SUMIFS(TaxableValuation[Taxable Ag Land],TaxableValuation[Dist],$C7,TaxableValuation[Tif_NonTIF],$A$4) -> 206646 | I7: =SUMIFS(TaxableValuation[Taxable Ag Building],TaxableValuation[Dist],$C7,TaxableValuation[Tif_NonTIF],$A$4) -> 0 | J7: =SUMIFS(TaxableValuation[Taxable Commercial],TaxableValuation[Dist],$C7,TaxableValuation[Tif_NonTIF],$A$4) -> 8427339 | K7: =SUMIFS(TaxableValuation[Taxable Industrial],TaxableValuation[Dist],$C7,TaxableValuation[Tif_NonTIF],$A$4) -> 139683361 | L7: =SUMIFS(TaxableValuation[Taxable Reserved],TaxableValuation[Dist],$C7,TaxableValuation[Tif_NonTIF],$A$4) -> 0 | M7: =SUMIFS(TaxableValuation[Taxable Reserved2],TaxableValuation[Dist],$C7,TaxableValuation[Tif_NonTIF],$A$4) -> 0 | N7: =SUMIFS(TaxableValuation[Taxable Railroads],TaxableValuation[Dist],$C7,TaxableValuation[Tif_NonTIF],$A$4) -> 0 | O7: =SUMIFS(TaxableValuation[Taxable Utilities],TaxableValuation[Dist],$C7,TaxableValuation[Tif_NonTIF],$A$4) -> 0 | P7: =SUMIFS(TaxableValuation[Taxable Other],TaxableValuation[Dist],$C7,TaxableValuation[Tif_NonTIF],$A$4) -> 0 | Q7: =SUMIFS(TaxableValuation[Taxable Gross],TaxableValuation[Dist],$C7,TaxableValuation[Tif_NonTIF],$A$4) -> 163192531 | R7: =SUMIFS(TaxableValuation[Taxable Military Exempt],TaxableValuation[Dist],$C7,TaxableValuation[Tif_NonTIF],$A$4) -> 8000 | S7: =SUMIFS(TaxableValuation[Taxable Homestead Exempt],TaxableValuation[Dist],$C7,TaxableValuation[Tif_NonTIF],$A$4) -> 19500 | T7: =SUMIFS(TaxableValuation[Taxable Net],TaxableValuation[Dist],$C7,TaxableValuation[Tif_NonTIF],$A$4) -> 163165031 | U7: =SUMIFS(TaxableValuation[Taxable Gas & Elec Utilities],TaxableValuation[Dist],$C7,TaxableValuation[Tif_NonTIF],$A$4) -> 0 | V7: =SUM(T7:U7) -> 163165031
A8: ='Assessed Non-TIF'!A8 -> 2026 | B8: ='Assessed Non-TIF'!B8 -> 11 | C8: ='Assessed Non-TIF'!C8 -> 0027 | D8: ='Assessed Non-TIF'!D8 -> 0027 | E8: ='Assessed Non-TIF'!E8 -> ADEL-DESOTO-MINBURN | F8: ='Assessed Non-TIF'!F8 -> Adel-Desoto-Minburn | G8: =SUMIFS(TaxableValuation[Taxable Residential],TaxableValuation[Dist],$C8,TaxableValuation[Tif_NonTIF],$A$4) -> 27887710 | H8: =SUMIFS(TaxableValuation[Taxable Ag Land],TaxableValuation[Dist],$C8,TaxableValuation[Tif_NonTIF],$A$4) -> 0 | I8: =SUMIFS(TaxableValuation[Taxable Ag Building],TaxableValuation[Dist],$C8,TaxableValuation[Tif_NonTIF],$A$4) -> 0 | J8: =SUMIFS(TaxableValuation[Taxable Commercial],TaxableValuation[Dist],$C8,TaxableValuation[Tif_NonTIF],$A$4) -> 13155651 | K8: =SUMIFS(TaxableValuation[Taxable Industrial],TaxableValuation[Dist],$C8,TaxableValuation[Tif_NonTIF],$A$4) -> 2236559 | L8: =SUMIFS(TaxableValuation[Taxable Reserved],TaxableValuation[Dist],$C8,TaxableValuation[Tif_NonTIF],$A$4) -> 0 | M8: =SUMIFS(TaxableValuation[Taxable Reserved2],TaxableValuation[Dist],$C8,TaxableValuation[Tif_NonTIF],$A$4) -> 0 | N8: =SUMIFS(TaxableValuation[Taxable Railroads],TaxableValuation[Dist],$C8,TaxableValuation[Tif_NonTIF],$A$4) -> 0 | O8: =SUMIFS(TaxableValuation[Taxable Utilities],TaxableValuation[Dist],$C8,TaxableValuation[Tif_NonTIF],$A$4) -> 0 | P8: =SUMIFS(TaxableValuation[Taxable Other],TaxableValuation[Dist],$C8,TaxableValuation[Tif_NonTIF],$A$4) -> 0 | Q8: =SUMIFS(TaxableValuation[Taxable Gross],TaxableValuation[Dist],$C8,TaxableValuation[Tif_NonTIF],$A$4) -> 43279920 | R8: =SUMIFS(TaxableValuation[Taxable Military Exempt],TaxableValuation[Dist],$C8,TaxableValuation[Tif_NonTIF],$A$4) -> 0 | S8: =SUMIFS(TaxableValuation[Taxable Homestead Exempt],TaxableValuation[Dist],$C8,TaxableValuation[Tif_NonTIF],$A$4) -> 0 | T8: =SUMIFS(TaxableValuation[Taxable Net],TaxableValuation[Dist],$C8,TaxableValuation[Tif_NonTIF],$A$4) -> 43279920 | U8: =SUMIFS(TaxableValuation[Taxable Gas & Elec Utilities],TaxableValuation[Dist],$C8,TaxableValuation[Tif_NonTIF],$A$4) -> 0 | V8: =SUM(T8:U8) -> 43279920
A9: ='Assessed Non-TIF'!A9 -> 2026 | B9: ='Assessed Non-TIF'!B9 -> 07 | C9: ='Assessed Non-TIF'!C9 -> 0009 | D9: ='Assessed Non-TIF'!D9 -> 0009 | E9: ='Assessed Non-TIF'!E9 -> AGWSR | F9: ='Assessed Non-TIF'!F9 -> AGWSR | G9: =SUMIFS(TaxableValuation[Taxable Residential],TaxableValuation[Dist],$C9,TaxableValuation[Tif_NonTIF],$A$4) -> 0 | H9: =SUMIFS(TaxableValuation[Taxable Ag Land],TaxableValuation[Dist],$C9,TaxableValuation[Tif_NonTIF],$A$4) -> 0 | I9: =SUMIFS(TaxableValuation[Taxable Ag Building],TaxableValuation[Dist],$C9,TaxableValuation[Tif_NonTIF],$A$4) -> 0 | J9: =SUMIFS(TaxableValuation[Taxable Commercial],TaxableValuation[Dist],$C9,TaxableValuation[Tif_NonTIF],$A$4) -> 0 | K9: =SUMIFS(TaxableValuation[Taxable Industrial],TaxableValuation[Dist],$C9,TaxableValuation[Tif_NonTIF],$A$4) -> 672421 | L9: =SUMIFS(TaxableValuation[Taxable Reserved],TaxableValuation[Dist],$C9,TaxableValuation[Tif_NonTIF],$A$4) -> 0 | M9: =SUMIFS(TaxableValuation[Taxable Reserved2],TaxableValuation[Dist],$C9,TaxableValuation[Tif_NonTIF],$A$4) -> 0 | N9: =SUMIFS(TaxableValuation[Taxable Railroads],TaxableValuation[Dist],$C9,TaxableValuation[Tif_NonTIF],$A$4) -> 0 | O9: =SUMIFS(TaxableValuation[Taxable Utilities],TaxableValuation[Dist],$C9,TaxableValuation[Tif_NonTIF],$A$4) -> 0 | P9: =SUMIFS(TaxableValuation[Taxable Other],TaxableValuation[Dist],$C9,TaxableValuation[Tif_NonTIF],$A$4) -> 0 | Q9: =SUMIFS(TaxableValuation[Taxable Gross],TaxableValuation[Dist],$C9,TaxableValuation[Tif_NonTIF],$A$4) -> 672421 | R9: =SUMIFS(TaxableValuation[Taxable Military Exempt],TaxableValuation[Dist],$C9,TaxableValuation[Tif_NonTIF],$A$4) -> 0 | S9: =SUMIFS(TaxableValuation[Taxable Homestead Exempt],TaxableValuation[Dist],$C9,TaxableValuation[Tif_NonTIF],$A$4) -> 0 | T9: =SUMIFS(TaxableValuation[Taxable Net],TaxableValuation[Dist],$C9,TaxableValuation[Tif_NonTIF],$A$4) -> 672421 | U9: =SUMIFS(TaxableValuation[Taxable Gas & Elec Utilities],TaxableValuation[Dist],$C9,TaxableValuation[Tif_NonTIF],$A$4) -> 0 | V9: =SUM(T9:U9) -> 672421
A10: ='Assessed Non-TIF'!A10 -> 2026 | B10: ='Assessed Non-TIF'!B10 -> 13 | C10: ='Assessed Non-TIF'!C10 -> 0441 | D10: ='Assessed Non-TIF'!D10 -> 0441 | E10: ='Assessed Non-TIF'!E10 -> AHSTW | F10: ='Assessed Non-TIF'!F10 -> AHSTW | G10: =SUMIFS(TaxableValuation[Taxable Residential],TaxableValuation[Dist],$C10,TaxableValuation[Tif_NonTIF],$A$4) -> 14366258 | H10: =SUMIFS(TaxableValuation[Taxable Ag Land],TaxableValuation[Dist],$C10,TaxableValuation[Tif_NonTIF],$A$4) -> 179050 | I10: =SUMIFS(TaxableValuation[Taxable Ag Building],TaxableValuation[Dist],$C10,TaxableValuation[Tif_NonTIF],$A$4) -> 10683 | J10: =SUMIFS(TaxableValuation[Taxable Commercial],TaxableValuation[Dist],$C10,TaxableValuation[Tif_NonTIF],$A$4) -> 10815828 | K10: =SUMIFS(TaxableValuation[Taxable Industrial],TaxableValuation[Dist],$C10,TaxableValuation[Tif_NonTIF],$A$4) -> 4055457 | L10: =SUMIFS(TaxableValuation[Taxable Reserved],TaxableValuation[Dist],$C10,TaxableValuation[Tif_NonTIF],$A$4) -> 0 | M10: =SUMIFS(TaxableValuation[Taxable Reserved2],TaxableValuation[Dist],$C10,TaxableValuation[Tif_NonTIF],$A$4) -> 0 | N10: =SUMIFS(TaxableValuation[Taxable Railroads],TaxableValuation[Dist],$C10,TaxableValuation[Tif_NonTIF],$A$4) -> 0 | O10: =SUMIFS(TaxableValuation[Taxable Utilities],TaxableValuation[Dist],$C10,TaxableValuation[Tif_NonTIF],$A$4) -> 0 | P10: =SUMIFS(TaxableValuation[Taxable Other],TaxableValuation[Dist],$C10,TaxableValuation[Tif_NonTIF],$A$4) -> 0 | Q10: =SUMIFS(TaxableValuation[Taxable Gross],TaxableValuation[Dist],$C10,TaxableValuation[Tif_NonTIF],$A$4) -> 29427276 | R10: =SUMIFS(TaxableValuation[Taxable Military Exempt],TaxableValuation[Dist],$C10,TaxableValuation[Tif_NonTIF],$A$4) -> 44000 | S10: =SUMIFS(TaxableValuation[Taxable Homestead Exempt],TaxableValuation[Dist],$C10,TaxableValuation[Tif_NonTIF],$A$4) -> 65000 | T10: =SUMIFS(TaxableValuation[Taxable Net],TaxableValuation[Dist],$C10,TaxableValuation[Tif_NonTIF],$A$4) -> 29318276 | U10: =SUMIFS(TaxableValuation[Taxable Gas & Elec Utilities],TaxableValuation[Dist],$C10,TaxableValuation[Tif_NonTIF],$A$4) -> 0 | V10: =SUM(T10:U10) -> 29318276
A11: ='Assessed Non-TIF'!A11 -> 2026 | B11: ='Assessed Non-TIF'!B11 -> 12 | C11: ='Assessed Non-TIF'!C11 -> 0063 | D11: ='Assessed Non-TIF'!D11 -> 0063 | E11: ='Assessed Non-TIF'!E11 -> AKRON-WESTFIELD | F11: ='Assessed Non-TIF'!F11 -> Akron-Westfield | G11: =SUMIFS(TaxableValuation[Taxable Residential],TaxableValuation[Dist],$C11,TaxableValuation[Tif_NonTIF],$A$4) -> 0 | H11: =SUMIFS(TaxableValuation[Taxable Ag Land],TaxableValuation[Dist],$C11,TaxableValuation[Tif_NonTIF],$A$4) -> 0 | I11: =SUMIFS(TaxableValuation[Taxable Ag Building],TaxableValuation[Dist],$C11,TaxableValuation[Tif_NonTIF],$A$4) -> 0 | J11: =SUMIFS(TaxableValuation[Taxable Commercial],TaxableValuation[Dist],$C11,TaxableValuation[Tif_NonTIF],$A$4) -> 0 | K11: =SUMIFS(TaxableValuation[Taxable Industrial],TaxableValuation[Dist],$C11,TaxableValuation[Tif_NonTIF],$A$4) -> 0 | L11: =SUMIFS(TaxableValuation[Taxable Reserved],TaxableValuation[Dist],$C11,TaxableValuation[Tif_NonTIF],$A$4) -> 0 | M11: =SUMIFS(TaxableValuation[Taxable Reserved2],TaxableValuation[Dist],$C11,TaxableValuation[Tif_NonTIF],$A$4) -> 0 | N11: =SUMIFS(TaxableValuation[Taxable Railroads],TaxableValuation[Dist],$C11,TaxableValuation[Tif_NonTIF],$A$4) -> 0 | O11: =SUMIFS(TaxableValuation[Taxable Utilities],TaxableValuation[Dist],$C11,TaxableValuation[Tif_NonTIF],$A$4) -> 0 | P11: =SUMIFS(TaxableValuation[Taxable Other],TaxableValuation[Dist],$C11,TaxableValuation[Tif_NonTIF],$A$4) -> 0 | Q11: =SUMIFS(TaxableValuation[Taxable Gross],TaxableValuation[Dist],$C11,TaxableValuation[Tif_NonTIF],$A$4) -> 0 | R11: =SUMIFS(TaxableValuation[Taxable Military Exempt],TaxableValuation[Dist],$C11,TaxableValuation[Tif_NonTIF],$A$4) -> 0 | S11: =SUMIFS(TaxableValuation[Taxable Homestead Exempt],TaxableValuation[Dist],$C11,TaxableValuation[Tif_NonTIF],$A$4) -> 0 | T11: =SUMIFS(TaxableValuation[Taxable Net],TaxableValuation[Dist],$C11,TaxableValuation[Tif_NonTIF],$A$4) -> 0 | U11: =SUMIFS(TaxableValuation[Taxable Gas & Elec Utilities],TaxableValuation[Dist],$C11,TaxableValuation[Tif_NonTIF],$A$4) -> 0 | V11: =SUM(T11:U11) -> 0
A12: ='Assessed Non-TIF'!A12 -> 2026 | B12: ='Assessed Non-TIF'!B12 -> 05 | C12: ='Assessed Non-TIF'!C12 -> 0072 | D12: ='Assessed Non-TIF'!D12 -> 0072 | E12: ='Assessed Non-TIF'!E12 -> ALBERT CITY-TRUESDALE | F12: ='Assessed Non-TIF'!F12 -> Albert City-Truesdale | G12: =SUMIFS(TaxableValuation[Taxable Residential],TaxableValuation[Dist],$C12,TaxableValuation[Tif_NonTIF],$A$4) -> 0 | H12: =SUMIFS(TaxableValuation[Taxable Ag Land],TaxableValuation[Dist],$C12,TaxableValuation[Tif_NonTIF],$A$4) -> 0 | I12: =SUMIFS(TaxableValuation[Taxable Ag Building],TaxableValuation[Dist],$C12,TaxableValuation[Tif_NonTIF],$A$4) -> 0 | J12: =SUMIFS(TaxableValuation[Taxable Commercial],TaxableValuation[Dist],$C12,TaxableValuation[Tif_NonTIF],$A$4) -> 0 | K12: =SUMIFS(TaxableValuation[Taxable Industrial],TaxableValuation[Dist],$C12,TaxableValuation[Tif_NonTIF],$A$4) -> 0 | L12: =SUMIFS(TaxableValuation[Taxable Reserved],TaxableValuation[Dist],$C12,TaxableValuation[Tif_NonTIF],$A$4) -> 0 | M12: =SUMIFS(TaxableValuation[Taxable Reserved2],TaxableValuation[Dist],$C12,TaxableValuation[Tif_NonTIF],$A$4) -> 0 | N12: =SUMIFS(TaxableValuation[Taxable Railroads],TaxableValuation[Dist],$C12,TaxableValuation[Tif_NonTIF],$A$4) -> 0 | O12: =SUMIFS(TaxableValuation[Taxable Utilities],TaxableValuation[Dist],$C12,TaxableValuation[Tif_NonTIF],$A$4) -> 0 | P12: =SUMIFS(TaxableValuation[Taxable Other],TaxableValuation[Dist],$C12,TaxableValuation[Tif_NonTIF],$A$4) -> 0 | Q12: =SUMIFS(TaxableValuation[Taxable Gross],TaxableValuation[Dist],$C12,TaxableValuation[Tif_NonTIF],$A$4) -> 0 | R12: =SUMIFS(TaxableValuation[Taxable Military Exempt],TaxableValuation[Dist],$C12,TaxableValuation[Tif_NonTIF],$A$4) -> 0 | S12: =SUMIFS(TaxableValuation[Taxable Homestead Exempt],TaxableValuation[Dist],$C12,TaxableValuation[Tif_NonTIF],$A$4) -> 0 | T12: =SUMIFS(TaxableValuation[Taxable Net],TaxableValuation[Dist],$C12,TaxableValuation[Tif_NonTIF],$A$4) -> 0 | U12: =SUMIFS(TaxableValuation[Taxable Gas & Elec Utilities],TaxableValuation[Dist],$C12,TaxableValuation[Tif_NonTIF],$A$4) -> 0 | V12: =SUM(T12:U12) -> 0
A13: ='Assessed Non-TIF'!A13 -> 2026 | B13: ='Assessed Non-TIF'!B13 -> 15 | C13: ='Assessed Non-TIF'!C13 -> 0081 | D13: ='Assessed Non-TIF'!D13 -> 0081 | E13: ='Assessed Non-TIF'!E13 -> ALBIA | F13: ='Assessed Non-TIF'!F13 -> Albia | G13: =SUMIFS(TaxableValuation[Taxable Residential],TaxableValuation[Dist],$C13,TaxableValuation[Tif_NonTIF],$A$4) -> 0 | H13: =SUMIFS(TaxableValuation[Taxable Ag Land],TaxableValuation[Dist],$C13,TaxableValuation[Tif_NonTIF],$A$4) -> 0 | I13: =SUMIFS(TaxableValuation[Taxable Ag Building],TaxableValuation[Dist],$C13,TaxableValuation[Tif_NonTIF],$A$4) -> 0 | J13: =SUMIFS(TaxableValuation[Taxable Commercial],TaxableValuation[Dist],$C13,TaxableValuation[Tif_NonTIF],$A$4) -> 0 | K13: =SUMIFS(TaxableValuation[Taxable Industrial],TaxableValuation[Dist],$C13,TaxableValuation[Tif_NonTIF],$A$4) -> 0 | L13: =SUMIFS(TaxableValuation[Taxable Reserved],TaxableValuation[Dist],$C13,TaxableValuation[Tif_NonTIF],$A$4) -> 0 | M13: =SUMIFS(TaxableValuation[Taxable Reserved2],TaxableValuation[Dist],$C13,TaxableValuation[Tif_NonTIF],$A$4) -> 0 | N13: =SUMIFS(TaxableValuation[Taxable Railroads],TaxableValuation[Dist],$C13,TaxableValuation[Tif_NonTIF],$A$4) -> 0 | O13: =SUMIFS(TaxableValuation[Taxable Utilities],TaxableValuation[Dist],$C13,TaxableValuation[Tif_NonTIF],$A$4) -> 0 | P13: =SUMIFS(TaxableValuation[Taxable Other],TaxableValuation[Dist],$C13,TaxableValuation[Tif_NonTIF],$A$4) -> 0 | Q13: =SUMIFS(TaxableValuation[Taxable Gross],TaxableValuation[Dist],$C13,TaxableValuation[Tif_NonTIF],$A$4) -> 0 | R13: =SUMIFS(TaxableValuation[Taxable Military Exempt],TaxableValuation[Dist],$C13,TaxableValuation[Tif_NonTIF],$A$4) -> 0 | S13: =SUMIFS(TaxableValuation[Taxable Homestead Exempt],TaxableValuation[Dist],$C13,TaxableValuation[Tif_NonTIF],$A$4) -> 0 | T13: =SUMIFS(TaxableValuation[Taxable Net],TaxableValuation[Dist],$C13,TaxableValuation[Tif_NonTIF],$A$4) -> 0 | U13: =SUMIFS(TaxableValuation[Taxable Gas & Elec Utilities],TaxableValuation[Dist],$C13,TaxableValuation[Tif_NonTIF],$A$4) -> 0 | V13: =SUM(T13:U13) -> 0
A14: ='Assessed Non-TIF'!A14 -> 2026 | B14: ='Assessed Non-TIF'!B14 -> 10 | C14: ='Assessed Non-TIF'!C14 -> 0099 | D14: ='Assessed Non-TIF'!D14 -> 0099 | E14: ='Assessed Non-TIF'!E14 -> ALBURNETT | F14: ='Assessed Non-TIF'!F14 -> Alburnett | G14: =SUMIFS(TaxableValuation[Taxable Residential],TaxableValuation[Dist],$C14,TaxableValuation[Tif_NonTIF],$A$4) -> 2292506 | H14: =SUMIFS(TaxableValuation[Taxable Ag Land],TaxableValuation[Dist],$C14,TaxableValuation[Tif_NonTIF],$A$4) -> 24185 | I14: =SUMIFS(TaxableValuation[Taxable Ag Building],TaxableValuation[Dist],$C14,TaxableValuation[Tif_NonTIF],$A$4) -> 3712 | J14: =SUMIFS(TaxableValuation[Taxable Commercial],TaxableValuation[Dist],$C14,TaxableValuation[Tif_NonTIF],$A$4) -> 531251 | K14: =SUMIFS(TaxableValuation[Taxable Industrial],TaxableValuation[Dist],$C14,TaxableValuation[Tif_NonTIF],$A$4) -> 0 | L14: =SUMIFS(TaxableValuation[Taxable Reserved],TaxableValuation[Dist],$C14,TaxableValuation[Tif_NonTIF],$A$4) -> 0 | M14: =SUMIFS(TaxableValuation[Taxable Reserved2],TaxableValuation[Dist],$C14,TaxableValuation[Tif_NonTIF],$A$4) -> 0 | N14: =SUMIFS(TaxableValuation[Taxable Railroads],TaxableValuation[Dist],$C14,TaxableValuation[Tif_NonTIF],$A$4) -> 0 | O14: =SUMIFS(TaxableValuation[Taxable Utilities],TaxableValuation[Dist],$C14,TaxableValuation[Tif_NonTIF],$A$4) -> 0 | P14: =SUMIFS(TaxableValuation[Taxable Other],TaxableValuation[Dist],$C14,TaxableValuation[Tif_NonTIF],$A$4) -> 0 | Q14: =SUMIFS(TaxableValuation[Taxable Gross],TaxableValuation[Dist],$C14,TaxableValuation[Tif_NonTIF],$A$4) -> 2851654 | R14: =SUMIFS(TaxableValuation[Taxable Military Exempt],TaxableValuation[Dist],$C14,TaxableValuation[Tif_NonTIF],$A$4) -> 0 | S14: =SUMIFS(TaxableValuation[Taxable Homestead Exempt],TaxableValuation[Dist],$C14,TaxableValuation[Tif_NonTIF],$A$4) -> 0 | T14: =SUMIFS(TaxableValuation[Taxable Net],TaxableValuation[Dist],$C14,TaxableValuation[Tif_NonTIF],$A$4) -> 2851654 | U14: =SUMIFS(TaxableValuation[Taxable Gas & Elec Utilities],TaxableValuation[Dist],$C14,TaxableValuation[Tif_NonTIF],$A$4) -> 0 | V14: =SUM(T14:U14) -> 2851654
A15: ='Assessed Non-TIF'!A15 -> 2026 | B15: ='Assessed Non-TIF'!B15 -> 07 | C15: ='Assessed Non-TIF'!C15 -> 0108 | D15: ='Assessed Non-TIF'!D15 -> 0108 | E15: ='Assessed Non-TIF'!E15 -> ALDEN | F15: ='Assessed Non-TIF'!F15 -> Alden | G15: =SUMIFS(TaxableValuation[Taxable Residential],TaxableValuation[Dist],$C15,TaxableValuation[Tif_NonTIF],$A$4) -> 0 | H15: =SUMIFS(TaxableValuation[Taxable Ag Land],TaxableValuation[Dist],$C15,TaxableValuation[Tif_NonTIF],$A$4) -> 0 | I15: =SUMIFS(TaxableValuation[Taxable Ag Building],TaxableValuation[Dist],$C15,TaxableValuation[Tif_NonTIF],$A$4) -> 0 | J15: =SUMIFS(TaxableValuation[Taxable Commercial],TaxableValuation[Dist],$C15,TaxableValuation[Tif_NonTIF],$A$4) -> 0 | K15: =SUMIFS(TaxableValuation[Taxable Industrial],TaxableValuation[Dist],$C15,TaxableValuation[Tif_NonTIF],$A$4) -> 0 | L15: =SUMIFS(TaxableValuation[Taxable Reserved],TaxableValuation[Dist],$C15,TaxableValuation[Tif_NonTIF],$A$4) -> 0 | M15: =SUMIFS(TaxableValuation[Taxable Reserved2],TaxableValuation[Dist],$C15,TaxableValuation[Tif_NonTIF],$A$4) -> 0 | N15: =SUMIFS(TaxableValuation[Taxable Railroads],TaxableValuation[Dist],$C15,TaxableValuation[Tif_NonTIF],$A$4) -> 0 | O15: =SUMIFS(TaxableValuation[Taxable Utilities],TaxableValuation[Dist],$C15,TaxableValuation[Tif_NonTIF],$A$4) -> 0 | P15: =SUMIFS(TaxableValuation[Taxable Other],TaxableValuation[Dist],$C15,TaxableValuation[Tif_NonTIF],$A$4) -> 0 | Q15: =SUMIFS(TaxableValuation[Taxable Gross],TaxableValuation[Dist],$C15,TaxableValuation[Tif_NonTIF],$A$4) -> 0 | R15: =SUMIFS(TaxableValuation[Taxable Military Exempt],TaxableValuation[Dist],$C15,TaxableValuation[Tif_NonTIF],$A$4) -> 0 | S15: =SUMIFS(TaxableValuation[Taxable Homestead Exempt],TaxableValuation[Dist],$C15,TaxableValuation[Tif_NonTIF],$A$4) -> 0 | T15: =SUMIFS(TaxableValuation[Taxable Net],TaxableValuation[Dist],$C15,TaxableValuation[Tif_NonTIF],$A$4) -> 0 | U15: =SUMIFS(TaxableValuation[Taxable Gas & Elec Utilities],TaxableValuation[Dist],$C15,TaxableValuation[Tif_NonTIF],$A$4) -> 0 | V15: =SUM(T15:U15) -> 0
A16: ='Assessed Non-TIF'!A16 -> 2026 | B16: ='Assessed Non-TIF'!B16 -> 05 | C16: ='Assessed Non-TIF'!C16 -> 0126 | D16: ='Assessed Non-TIF'!D16 -> 0126 | E16: ='Assessed Non-TIF'!E16 -> ALGONA (ALGONA) | F16: ='Assessed Non-TIF'!F16 -> Algona | G16: =SUMIFS(TaxableValuation[Taxable Residential],TaxableValuation[Dist],$C16,TaxableValuation[Tif_NonTIF],$A$4) -> 12852527 | H16: =SUMIFS(TaxableValuation[Taxable Ag Land],TaxableValuation[Dist],$C16,TaxableValuation[Tif_NonTIF],$A$4) -> 40733 | I16: =SUMIFS(TaxableValuation[Taxable Ag Building],TaxableValuation[Dist],$C16,TaxableValuation[Tif_NonTIF],$A$4) -> 0 | J16: =SUMIFS(TaxableValuation[Taxable Commercial],TaxableValuation[Dist],$C16,TaxableValuation[Tif_NonTIF],$A$4) -> 2029877 | K16: =SUMIFS(TaxableValuation[Taxable Industrial],TaxableValuation[Dist],$C16,TaxableValuation[Tif_NonTIF],$A$4) -> 2478472 | L16: =SUMIFS(TaxableValuation[Taxable Reserved],TaxableValuation[Dist],$C16,TaxableValuation[Tif_NonTIF],$A$4) -> 0 | M16: =SUMIFS(TaxableValuation[Taxable Reserved2],TaxableValuation[Dist],$C16,TaxableValuation[Tif_NonTIF],$A$4) -> 0 | N16: =SUMIFS(TaxableValuation[Taxable Railroads],TaxableValuation[Dist],$C16,TaxableValuation[Tif_NonTIF],$A$4) -> 0 | O16: =SUMIFS(TaxableValuation[Taxable Utilities],TaxableValuation[Dist],$C16,TaxableValuation[Tif_NonTIF],$A$4) -> 0 | P16: =SUMIFS(TaxableValuation[Taxable Other],TaxableValuation[Dist],$C16,TaxableValuation[Tif_NonTIF],$A$4) -> 0 | Q16: =SUMIFS(TaxableValuation[Taxable Gross],TaxableValuation[Dist],$C16,TaxableValuation[Tif_NonTIF],$A$4) -> 17401609 | R16: =SUMIFS(TaxableValuation[Taxable Military Exempt],TaxableValuation[Dist],$C16,TaxableValuation[Tif_NonTIF],$A$4) -> 0 | S16: =SUMIFS(TaxableValuation[Taxable Homestead Exempt],TaxableValuation[Dist],$C16,TaxableValuation[Tif_NonTIF],$A$4) -> 0 | T16: =SUMIFS(TaxableValuation[Taxable Net],TaxableValuation[Dist],$C16,TaxableValuation[Tif_NonTIF],$A$4) -> 17401609 | U16: =SUMIFS(TaxableValuation[Taxable Gas & Elec Utilities],TaxableValuation[Dist],$C16,TaxableValuation[Tif_NonTIF],$A$4) -> 0 | V16: =SUM(T16:U16) -> 17401609
A17: ='Assessed Non-TIF'!A17 -> 2026 | B17: ='Assessed Non-TIF'!B17 -> 05 | C17: ='Assessed Non-TIF'!C17 -> 6417 | D17: ='Assessed Non-TIF'!D17 -> 6417 | E17: ='Assessed Non-TIF'!E17 -> ALGONA (TITONKA) | F17: ='Assessed Non-TIF'!F17 -> Algona (Titonka) | G17: =SUMIFS(TaxableValuation[Taxable Residential],TaxableValuation[Dist],$C17,TaxableValuation[Tif_NonTIF],$A$4) -> 367751 | H17: =SUMIFS(TaxableValuation[Taxable Ag Land],TaxableValuation[Dist],$C17,TaxableValuation[Tif_NonTIF],$A$4) -> 0 | I17: =SUMIFS(TaxableValuation[Taxable Ag Building],TaxableValuation[Dist],$C17,TaxableValuation[Tif_NonTIF],$A$4) -> 0 | J17: =SUMIFS(TaxableValuation[Taxable Commercial],TaxableValuation[Dist],$C17,TaxableValuation[Tif_NonTIF],$A$4) -> 7517580 | K17: =SUMIFS(TaxableValuation[Taxable Industrial],TaxableValuation[Dist],$C17,TaxableValuation[Tif_NonTIF],$A$4) -> 0 | L17: =SUMIFS(TaxableValuation[Taxable Reserved],TaxableValuation[Dist],$C17,TaxableValuation[Tif_NonTIF],$A$4) -> 0 | M17: =SUMIFS(TaxableValuation[Taxable Reserved2],TaxableValuation[Dist],$C17,TaxableValuation[Tif_NonTIF],$A$4) -> 0 | N17: =SUMIFS(TaxableValuation[Taxable Railroads],TaxableValuation[Dist],$C17,TaxableValuation[Tif_NonTIF],$A$4) -> 0 | O17: =SUMIFS(TaxableValuation[Taxable Utilities],TaxableValuation[Dist],$C17,TaxableValuation[Tif_NonTIF],$A$4) -> 0 | P17: =SUMIFS(TaxableValuation[Taxable Other],TaxableValuation[Dist],$C17,TaxableValuation[Tif_NonTIF],$A$4) -> 0 | Q17: =SUMIFS(TaxableValuation[Taxable Gross],TaxableValuation[Dist],$C17,TaxableValuation[Tif_NonTIF],$A$4) -> 7885331 | R17: =SUMIFS(TaxableValuation[Taxable Military Exempt],TaxableValuation[Dist],$C17,TaxableValuation[Tif_NonTIF],$A$4) -> 0 | S17: =SUMIFS(TaxableValuation[Taxable Homestead Exempt],TaxableValuation[Dist],$C17,TaxableValuation[Tif_NonTIF],$A$4) -> 0 | T17: =SUMIFS(TaxableValuation[Taxable Net],TaxableValuation[Dist],$C17,TaxableValuation[Tif_NonTIF],$A$4) -> 7885331 | U17: =SUMIFS(TaxableValuation[Taxable Gas & Elec Utilities],TaxableValuation[Dist],$C17,TaxableValuation[Tif_NonTIF],$A$4) -> 0 | V17: =SUM(T17:U17) -> 7885331
A18: ='Assessed Non-TIF'!A18 -> 2026 | B18: ='Assessed Non-TIF'!B18 -> 05 | C18: ='Assessed Non-TIF'!C18 -> 3897 | D18: ='Assessed Non-TIF'!D18 -> 3897 | E18: ='Assessed Non-TIF'!E18 -> ALGONA (LU VERNE) | F18: ='Assessed Non-TIF'!F18 -> Algona (Lu Verne) | G18: =SUMIFS(TaxableValuation[Taxable Residential],TaxableValuation[Dist],$C18,TaxableValuation[Tif_NonTIF],$A$4) -> 0 | H18: =SUMIFS(TaxableValuation[Taxable Ag Land],TaxableValuation[Dist],$C18,TaxableValuation[Tif_NonTIF],$A$4) -> 0 | I18: =SUMIFS(TaxableValuation[Taxable Ag Building],TaxableValuation[Dist],$C18,TaxableValuation[Tif_NonTIF],$A$4) -> 0 | J18: =SUMIFS(TaxableValuation[Taxable Commercial],TaxableValuation[Dist],$C18,TaxableValuation[Tif_NonTIF],$A$4) -> 3897794 | K18: =SUMIFS(TaxableValuation[Taxable Industrial],TaxableValuation[Dist],$C18,TaxableValuation[Tif_NonTIF],$A$4) -> 7689289 | L18: =SUMIFS(TaxableValuation[Taxable Reserved],TaxableValuation[Dist],$C18,TaxableValuation[Tif_NonTIF],$A$4) -> 0 | M18: =SUMIFS(TaxableValuation[Taxable Reserved2],TaxableValuation[Dist],$C18,TaxableValuation[Tif_NonTIF],$A$4) -> 0 | N18: =SUMIFS(TaxableValuation[Taxable Railroads],TaxableValuation[Dist],$C18,TaxableValuation[Tif_NonTIF],$A$4) -> 0 | O18: =SUMIFS(TaxableValuation[Taxable Utilities],TaxableValuation[Dist],$C18,TaxableValuation[Tif_NonTIF],$A$4) -> 0 | P18: =SUMIFS(TaxableValuation[Taxable Other],TaxableValuation[Dist],$C18,TaxableValuation[Tif_NonTIF],$A$4) -> 0 | Q18: =SUMIFS(TaxableValuation[Taxable Gross],TaxableValuation[Dist],$C18,TaxableValuation[Tif_NonTIF],$A$4) -> 11587083 | R18: =SUMIFS(TaxableValuation[Taxable Military Exempt],TaxableValuation[Dist],$C18,TaxableValuation[Tif_NonTIF],$A$4) -> 0 | S18: =SUMIFS(TaxableValuation[Taxable Homestead Exempt],TaxableValuation[Dist],$C18,TaxableValuation[Tif_NonTIF],$A$4) -> 0 | T18: =SUMIFS(TaxableValuation[Taxable Net],TaxableValuation[Dist],$C18,TaxableValuation[Tif_NonTIF],$A$4) -> 11587083 | U18: =SUMIFS(TaxableValuation[Taxable Gas & Elec Utilities],TaxableValuation[Dist],$C18,TaxableValuation[Tif_NonTIF],$A$4) -> 0 | V18: =SUM(T18:U18) -> 11587083
... A337: ='Assessed Non-TIF'!A337 -> 2026 | B337: ='Assessed Non-TIF'!B337 -> 11 | C337: ='Assessed Non-TIF'!C337 -> 7110 | D337: ='Assessed Non-TIF'!D337 -> 7110 | E337: ='Assessed Non-TIF'!E337 -> WOODWARD-GRANGER | F337: ='Assessed Non-TIF'!F337 -> Woodward-Granger | G337: =SUMIFS(TaxableValuation[Taxable Residential],TaxableValuation[Dist],$C337,TaxableValuation[Tif_NonTIF],$A$4) -> 22918479 | H337: =SUMIFS(TaxableValuation[Taxable Ag Land],TaxableValuation[Dist],$C337,TaxableValuation[Tif_NonTIF],$A$4) -> 778 | I337: =SUMIFS(TaxableValuation[Taxable Ag Building],TaxableValuation[Dist],$C337,TaxableValuation[Tif_NonTIF],$A$4) -> 0 | J337: =SUMIFS(TaxableValuation[Taxable Commercial],TaxableValuation[Dist],$C337,TaxableValuation[Tif_NonTIF],$A$4) -> 3101746 | K337: =SUMIFS(TaxableValuation[Taxable Industrial],TaxableValuation[Dist],$C337,TaxableValuation[Tif_NonTIF],$A$4) -> 0 | L337: =SUMIFS(TaxableValuation[Taxable Reserved],TaxableValuation[Dist],$C337,TaxableValuation[Tif_NonTIF],$A$4) -> 0 | M337: =SUMIFS(TaxableValuation[Taxable Reserved2],TaxableValuation[Dist],$C337,TaxableValuation[Tif_NonTIF],$A$4) -> 0 | N337: =SUMIFS(TaxableValuation[Taxable Railroads],TaxableValuation[Dist],$C337,TaxableValuation[Tif_NonTIF],$A$4) -> 0 | O337: =SUMIFS(TaxableValuation[Taxable Utilities],TaxableValuation[Dist],$C337,TaxableValuation[Tif_NonTIF],$A$4) -> 0 | P337: =SUMIFS(TaxableValuation[Taxable Other],TaxableValuation[Dist],$C337,TaxableValuation[Tif_NonTIF],$A$4) -> 0 | Q337: =SUMIFS(TaxableValuation[Taxable Gross],TaxableValuation[Dist],$C337,TaxableValuation[Tif_NonTIF],$A$4) -> 26021003 | R337: =SUMIFS(TaxableValuation[Taxable Military Exempt],TaxableValuation[Dist],$C337,TaxableValuation[Tif_NonTIF],$A$4) -> 4000 | S337: =SUMIFS(TaxableValuation[Taxable Homestead Exempt],TaxableValuation[Dist],$C337,TaxableValuation[Tif_NonTIF],$A$4) -> 19500 | T337: =SUMIFS(TaxableValuation[Taxable Net],TaxableValuation[Dist],$C337,TaxableValuation[Tif_NonTIF],$A$4) -> 25997503 | U337: =SUMIFS(TaxableValuation[Taxable Gas & Elec Utilities],TaxableValuation[Dist],$C337,TaxableValuation[Tif_NonTIF],$A$4) -> 0 | V337: =SUM(T337:U337) -> 25997503
G338: =SUM(G7:G337) -> 5173702803 | H338: =SUM(H7:H337) -> 32629434 | I338: =SUM(I7:I337) -> 15125987 | J338: =SUM(J7:J337) -> 8392497586 | K338: =SUM(K7:K337) -> 4543884429 | L338: =SUM(L7:L337) -> 0 | M338: =SUM(M7:M337) -> 0 | N338: =SUM(N7:N337) -> 0 | ... V338: =SUM(V7:V337) -> 18146985956

Sheet Assessed Non-TIF_Combined
A1: ='Assessed Non-TIF'!A1 -> Iowa Department of Management - June 25, 2025 - Final
A2: =_xlfn.CONCAT("January 1, ",AssessedValuation[[#This Row],[Year]]," - 100% Valuations Before Rollback") -> January 1, 2024 - 100% Valuations Before Rollback
A3: =_xlfn.CONCAT("For Fiscal Year ",'2024_School_100pct Valuations B'!A2+2," Budgets - Districts Combined to Include Subdistricts Valuation") -> For Fiscal Year 2026 Budgets - Districts Combined to Include Subdistricts Valuation
A4: Non-TIF
A6: FiscalYear | B6: AEA | C6: Dist | D6: DistSub1 | E6: DistSub2 | F6: DistrictNumber | G6: Label | H6: 100% Residential | I6: 100% Ag Land | J6: 100% Ag Building | K6: 100% Commercial | L6: 100% Industrial | M6: 100% Reserved | N6: 100% Reserved | O6: 100% Railroads | P6: 100% Utilities | Q6: 100% Other | R6: 100% Gross | S6: 100% Military Exempt | T6: 100% Homestead Exempt | U6: 100% Net | V6: 100% Gas & Elec Utilities | W6: Valuation With G&E Utilities
A7: 2026 | B7: 11 | C7: 0018 | F7: 0018 | G7: Adair-Casey | H7: =SUMPRODUCT(SUMIFS(AssessedValuation[100% Residential],AssessedValuation[Dist],$C7:$E7,AssessedValuation[Tif_NonTIF],$A$4)) -> 112934849 | I7: =SUMPRODUCT(SUMIFS(AssessedValuation[100% Ag Land],AssessedValuation[Dist],$C7:$E7,AssessedValuation[Tif_NonTIF],$A$4)) -> 120815774 | J7: =SUMPRODUCT(SUMIFS(AssessedValuation[100% Ag Building],AssessedValuation[Dist],$C7:$E7,AssessedValuation[Tif_NonTIF],$A$4)) -> 4669820 | K7: =SUMPRODUCT(SUMIFS(AssessedValuation[100% Commercial],AssessedValuation[Dist],$C7:$E7,AssessedValuation[Tif_NonTIF],$A$4)) -> 20844537 | L7: =SUMPRODUCT(SUMIFS(AssessedValuation[100% Industrial],AssessedValuation[Dist],$C7:$E7,AssessedValuation[Tif_NonTIF],$A$4)) -> 35843801 | M7: =SUMPRODUCT(SUMIFS(AssessedValuation[100% Reserved],AssessedValuation[Dist],$C7:$E7,AssessedValuation[Tif_NonTIF],$A$4)) -> 0 | N7: =SUMPRODUCT(SUMIFS(AssessedValuation[100% Reserved4],AssessedValuation[Dist],$C7,AssessedValuation[Tif_NonTIF],$A$4)) -> 0 | O7: =SUMPRODUCT(SUMIFS(AssessedValuation[100% Railroads],AssessedValuation[Dist],$C7:$E7,AssessedValuation[Tif_NonTIF],$A$4)) -> 3906523 | P7: =SUMPRODUCT(SUMIFS(AssessedValuation[100% Utilities],AssessedValuation[Dist],$C7:$E7,AssessedValuation[Tif_NonTIF],$A$4)) -> 214215 | Q7: =SUMPRODUCT(SUMIFS(AssessedValuation[100% Other],AssessedValuation[Dist],$C7:$E7,AssessedValuation[Tif_NonTIF],$A$4)) -> 0 | R7: =SUMPRODUCT(SUMIFS(AssessedValuation[100% Gross],AssessedValuation[Dist],$C7:$E7,AssessedValuation[Tif_NonTIF],$A$4)) -> 299229519 | S7: =SUMPRODUCT(SUMIFS(AssessedValuation[100% Military Exempt],AssessedValuation[Dist],$C7:$E7,AssessedValuation[Tif_NonTIF],$A$4)) -> 352000 | T7: =SUMPRODUCT(SUMIFS(AssessedValuation[100% Homestead Exempt],AssessedValuation[Dist],$C7:$E7,AssessedValuation[Tif_NonTIF],$A$4)) -> 1014000 | U7: =SUMPRODUCT(SUMIFS(AssessedValuation[100% Net],AssessedValuation[Dist],$C7:$E7,AssessedValuation[Tif_NonTIF],$A$4)) -> 297863519 | V7: =SUMPRODUCT(SUMIFS(AssessedValuation[100% Gas & Elec Utilities],AssessedValuation[Dist],$C7:$E7,AssessedValuation[Tif_NonTIF],$A$4)) -> 103168214 | W7: =SUM(U7:V7) -> 401031733
A8: 2026 | B8: 11 | C8: 0027 | F8: 0027 | G8: Adel-Desoto-Minburn | H8: =SUMPRODUCT(SUMIFS(AssessedValuation[100% Residential],AssessedValuation[Dist],$C8:$E8,AssessedValuation[Tif_NonTIF],$A$4)) -> 1140342743 | I8: =SUMPRODUCT(SUMIFS(AssessedValuation[100% Ag Land],AssessedValuation[Dist],$C8:$E8,AssessedValuation[Tif_NonTIF],$A$4)) -> 114643770 | J8: =SUMPRODUCT(SUMIFS(AssessedValuation[100% Ag Building],AssessedValuation[Dist],$C8:$E8,AssessedValuation[Tif_NonTIF],$A$4)) -> 5814100 | K8: =SUMPRODUCT(SUMIFS(AssessedValuation[100% Commercial],AssessedValuation[Dist],$C8:$E8,AssessedValuation[Tif_NonTIF],$A$4)) -> 118479234 | L8: =SUMPRODUCT(SUMIFS(AssessedValuation[100% Industrial],AssessedValuation[Dist],$C8:$E8,AssessedValuation[Tif_NonTIF],$A$4)) -> 27809531 | M8: =SUMPRODUCT(SUMIFS(AssessedValuation[100% Reserved],AssessedValuation[Dist],$C8:$E8,AssessedValuation[Tif_NonTIF],$A$4)) -> 0 | N8: =SUMPRODUCT(SUMIFS(AssessedValuation[100% Reserved4],AssessedValuation[Dist],$C8,AssessedValuation[Tif_NonTIF],$A$4)) -> 0 | O8: =SUMPRODUCT(SUMIFS(AssessedValuation[100% Railroads],AssessedValuation[Dist],$C8:$E8,AssessedValuation[Tif_NonTIF],$A$4)) -> 1419212 | P8: =SUMPRODUCT(SUMIFS(AssessedValuation[100% Utilities],AssessedValuation[Dist],$C8:$E8,AssessedValuation[Tif_NonTIF],$A$4)) -> 12466003 | Q8: =SUMPRODUCT(SUMIFS(AssessedValuation[100% Other],AssessedValuation[Dist],$C8:$E8,AssessedValuation[Tif_NonTIF],$A$4)) -> 0 | R8: =SUMPRODUCT(SUMIFS(AssessedValuation[100% Gross],AssessedValuation[Dist],$C8:$E8,AssessedValuation[Tif_NonTIF],$A$4)) -> 1420974593 | S8: =SUMPRODUCT(SUMIFS(AssessedValuation[100% Military Exempt],AssessedValuation[Dist],$C8:$E8,AssessedValuation[Tif_NonTIF],$A$4)) -> 1243313 | T8: =SUMPRODUCT(SUMIFS(AssessedValuation[100% Homestead Exempt],AssessedValuation[Dist],$C8:$E8,AssessedValuation[Tif_NonTIF],$A$4)) -> 4055303 | U8: =SUMPRODUCT(SUMIFS(AssessedValuation[100% Net],AssessedValuation[Dist],$C8:$E8,AssessedValuation[Tif_NonTIF],$A$4)) -> 1415675977 | V8: =SUMPRODUCT(SUMIFS(AssessedValuation[100% Gas & Elec Utilities],AssessedValuation[Dist],$C8:$E8,AssessedValuation[Tif_NonTIF],$A$4)) -> 186406186 | W8: =SUM(U8:V8) -> 1602082163
A9: 2026 | B9: 07 | C9: 0009 | F9: 0009 | G9: AGWSR | H9: =SUMPRODUCT(SUMIFS(AssessedValuation[100% Residential],AssessedValuation[Dist],$C9:$E9,AssessedValuation[Tif_NonTIF],$A$4)) -> 248859770 | I9: =SUMPRODUCT(SUMIFS(AssessedValuation[100% Ag Land],AssessedValuation[Dist],$C9:$E9,AssessedValuation[Tif_NonTIF],$A$4)) -> 311279110 | J9: =SUMPRODUCT(SUMIFS(AssessedValuation[100% Ag Building],AssessedValuation[Dist],$C9:$E9,AssessedValuation[Tif_NonTIF],$A$4)) -> 26371710 | K9: =SUMPRODUCT(SUMIFS(AssessedValuation[100% Commercial],AssessedValuation[Dist],$C9:$E9,AssessedValuation[Tif_NonTIF],$A$4)) -> 35639926 | L9: =SUMPRODUCT(SUMIFS(AssessedValuation[100% Industrial],AssessedValuation[Dist],$C9:$E9,AssessedValuation[Tif_NonTIF],$A$4)) -> 89018914 | M9: =SUMPRODUCT(SUMIFS(AssessedValuation[100% Reserved],AssessedValuation[Dist],$C9:$E9,AssessedValuation[Tif_NonTIF],$A$4)) -> 0 | N9: =SUMPRODUCT(SUMIFS(AssessedValuation[100% Reserved4],AssessedValuation[Dist],$C9,AssessedValuation[Tif_NonTIF],$A$4)) -> 0 | O9: =SUMPRODUCT(SUMIFS(AssessedValuation[100% Railroads],AssessedValuation[Dist],$C9:$E9,AssessedValuation[Tif_NonTIF],$A$4)) -> 3608673 | P9: =SUMPRODUCT(SUMIFS(AssessedValuation[100% Utilities],AssessedValuation[Dist],$C9:$E9,AssessedValuation[Tif_NonTIF],$A$4)) -> 27472612 | Q9: =SUMPRODUCT(SUMIFS(AssessedValuation[100% Other],AssessedValuation[Dist],$C9:$E9,AssessedValuation[Tif_NonTIF],$A$4)) -> 0 | R9: =SUMPRODUCT(SUMIFS(AssessedValuation[100% Gross],AssessedValuation[Dist],$C9:$E9,AssessedValuation[Tif_NonTIF],$A$4)) -> 742250715 | S9: =SUMPRODUCT(SUMIFS(AssessedValuation[100% Military Exempt],AssessedValuation[Dist],$C9:$E9,AssessedValuation[Tif_NonTIF],$A$4)) -> 868000 | T9: =SUMPRODUCT(SUMIFS(AssessedValuation[100% Homestead Exempt],AssessedValuation[Dist],$C9:$E9,AssessedValuation[Tif_NonTIF],$A$4)) -> 3243500 | U9: =SUMPRODUCT(SUMIFS(AssessedValuation[100% Net],AssessedValuation[Dist],$C9:$E9,AssessedValuation[Tif_NonTIF],$A$4)) -> 738139215 | V9: =SUMPRODUCT(SUMIFS(AssessedValuation[100% Gas & Elec Utilities],AssessedValuation[Dist],$C9:$E9,AssessedValuation[Tif_NonTIF],$A$4)) -> 94988696 | W9: =SUM(U9:V9) -> 833127911
A10: 2026 | B10: 13 | C10: 0441 | F10: 0441 | G10: AHSTW | H10: =SUMPRODUCT(SUMIFS(AssessedValuation[100% Residential],AssessedValuation[Dist],$C10:$E10,AssessedValuation[Tif_NonTIF],$A$4)) -> 334581837 | I10: =SUMPRODUCT(SUMIFS(AssessedValuation[100% Ag Land],AssessedValuation[Dist],$C10:$E10,AssessedValuation[Tif_NonTIF],$A$4)) -> 343923406 | J10: =SUMPRODUCT(SUMIFS(AssessedValuation[100% Ag Building],AssessedValuation[Dist],$C10:$E10,AssessedValuation[Tif_NonTIF],$A$4)) -> 12892389 | K10: =SUMPRODUCT(SUMIFS(AssessedValuation[100% Commercial],AssessedValuation[Dist],$C10:$E10,AssessedValuation[Tif_NonTIF],$A$4)) -> 51722221 | L10: =SUMPRODUCT(SUMIFS(AssessedValuation[100% Industrial],AssessedValuation[Dist],$C10:$E10,AssessedValuation[Tif_NonTIF],$A$4)) -> 140099164 | M10: =SUMPRODUCT(SUMIFS(AssessedValuation[100% Reserved],AssessedValuation[Dist],$C10:$E10,AssessedValuation[Tif_NonTIF],$A$4)) -> 0 | N10: =SUMPRODUCT(SUMIFS(AssessedValuation[100% Reserved4],AssessedValuation[Dist],$C10,AssessedValuation[Tif_NonTIF],$A$4)) -> 0 | O10: =SUMPRODUCT(SUMIFS(AssessedValuation[100% Railroads],AssessedValuation[Dist],$C10:$E10,AssessedValuation[Tif_NonTIF],$A$4)) -> 4803487 | P10: =SUMPRODUCT(SUMIFS(AssessedValuation[100% Utilities],AssessedValuation[Dist],$C10:$E10,AssessedValuation[Tif_NonTIF],$A$4)) -> 2997056 | Q10: =SUMPRODUCT(SUMIFS(AssessedValuation[100% Other],AssessedValuation[Dist],$C10:$E10,AssessedValuation[Tif_NonTIF],$A$4)) -> 272 | R10: =SUMPRODUCT(SUMIFS(AssessedValuation[100% Gross],AssessedValuation[Dist],$C10:$E10,AssessedValuation[Tif_NonTIF],$A$4)) -> 891019832 | S10: =SUMPRODUCT(SUMIFS(AssessedValuation[100% Military Exempt],AssessedValuation[Dist],$C10:$E10,AssessedValuation[Tif_NonTIF],$A$4)) -> 1040000 | T10: =SUMPRODUCT(SUMIFS(AssessedValuation[100% Homestead Exempt],AssessedValuation[Dist],$C10:$E10,AssessedValuation[Tif_NonTIF],$A$4)) -> 2522000 | U10: =SUMPRODUCT(SUMIFS(AssessedValuation[100% Net],AssessedValuation[Dist],$C10:$E10,AssessedValuation[Tif_NonTIF],$A$4)) -> 887457832 | V10: =SUMPRODUCT(SUMIFS(AssessedValuation[100% Gas & Elec Utilities],AssessedValuation[Dist],$C10:$E10,AssessedValuation[Tif_NonTIF],$A$4)) -> 85858755 | W10: =SUM(U10:V10) -> 973316587
A11: 2026 | B11: 12 | C11: 0063 | F11: 0063 | G11: Akron-Westfield | H11: =SUMPRODUCT(SUMIFS(AssessedValuation[100% Residential],AssessedValuation[Dist],$C11:$E11,AssessedValuation[Tif_NonTIF],$A$4)) -> 256588093 | I11: =SUMPRODUCT(SUMIFS(AssessedValuation[100% Ag Land],AssessedValuation[Dist],$C11:$E11,AssessedValuation[Tif_NonTIF],$A$4)) -> 153240220 | J11: =SUMPRODUCT(SUMIFS(AssessedValuation[100% Ag Building],AssessedValuation[Dist],$C11:$E11,AssessedValuation[Tif_NonTIF],$A$4)) -> 10883100 | K11: =SUMPRODUCT(SUMIFS(AssessedValuation[100% Commercial],AssessedValuation[Dist],$C11:$E11,AssessedValuation[Tif_NonTIF],$A$4)) -> 28136637 | L11: =SUMPRODUCT(SUMIFS(AssessedValuation[100% Industrial],AssessedValuation[Dist],$C11:$E11,AssessedValuation[Tif_NonTIF],$A$4)) -> 1106340 | M11: =SUMPRODUCT(SUMIFS(AssessedValuation[100% Reserved],AssessedValuation[Dist],$C11:$E11,AssessedValuation[Tif_NonTIF],$A$4)) -> 0 | N11: =SUMPRODUCT(SUMIFS(AssessedValuation[100% Reserved4],AssessedValuation[Dist],$C11,AssessedValuation[Tif_NonTIF],$A$4)) -> 0 | O11: =SUMPRODUCT(SUMIFS(AssessedValuation[100% Railroads],AssessedValuation[Dist],$C11:$E11,AssessedValuation[Tif_NonTIF],$A$4)) -> 0 | P11: =SUMPRODUCT(SUMIFS(AssessedValuation[100% Utilities],AssessedValuation[Dist],$C11:$E11,AssessedValuation[Tif_NonTIF],$A$4)) -> 590283 | Q11: =SUMPRODUCT(SUMIFS(AssessedValuation[100% Other],AssessedValuation[Dist],$C11:$E11,AssessedValuation[Tif_NonTIF],$A$4)) -> 0 | R11: =SUMPRODUCT(SUMIFS(AssessedValuation[100% Gross],AssessedValuation[Dist],$C11:$E11,AssessedValuation[Tif_NonTIF],$A$4)) -> 450544673 | S11: =SUMPRODUCT(SUMIFS(AssessedValuation[100% Military Exempt],AssessedValuation[Dist],$C11:$E11,AssessedValuation[Tif_NonTIF],$A$4)) -> 596000 | T11: =SUMPRODUCT(SUMIFS(AssessedValuation[100% Homestead Exempt],AssessedValuation[Dist],$C11:$E11,AssessedValuation[Tif_NonTIF],$A$4)) -> 1482000 | U11: =SUMPRODUCT(SUMIFS(AssessedValuation[100% Net],AssessedValuation[Dist],$C11:$E11,AssessedValuation[Tif_NonTIF],$A$4)) -> 448466673 | V11: =SUMPRODUCT(SUMIFS(AssessedValuation[100% Gas & Elec Utilities],AssessedValuation[Dist],$C11:$E11,AssessedValuation[Tif_NonTIF],$A$4)) -> 6723670 | W11: =SUM(U11:V11) -> 455190343
A12: 2026 | B12: 05 | C12: 0072 | F12: 0072 | G12: Albert City-Truesdale | H12: =SUMPRODUCT(SUMIFS(AssessedValuation[100% Residential],AssessedValuation[Dist],$C12:$E12,AssessedValuation[Tif_NonTIF],$A$4)) -> 83114574 | I12: =SUMPRODUCT(SUMIFS(AssessedValuation[100% Ag Land],AssessedValuation[Dist],$C12:$E12,AssessedValuation[Tif_NonTIF],$A$4)) -> 123950008 | J12: =SUMPRODUCT(SUMIFS(AssessedValuation[100% Ag Building],AssessedValuation[Dist],$C12:$E12,AssessedValuation[Tif_NonTIF],$A$4)) -> 14620979 | K12: =SUMPRODUCT(SUMIFS(AssessedValuation[100% Commercial],AssessedValuation[Dist],$C12:$E12,AssessedValuation[Tif_NonTIF],$A$4)) -> 20975412 | L12: =SUMPRODUCT(SUMIFS(AssessedValuation[100% Industrial],AssessedValuation[Dist],$C12:$E12,AssessedValuation[Tif_NonTIF],$A$4)) -> 21205460 | M12: =SUMPRODUCT(SUMIFS(AssessedValuation[100% Reserved],AssessedValuation[Dist],$C12:$E12,AssessedValuation[Tif_NonTIF],$A$4)) -> 0 | N12: =SUMPRODUCT(SUMIFS(AssessedValuation[100% Reserved4],AssessedValuation[Dist],$C12,AssessedValuation[Tif_NonTIF],$A$4)) -> 0 | O12: =SUMPRODUCT(SUMIFS(AssessedValuation[100% Railroads],AssessedValuation[Dist],$C12:$E12,AssessedValuation[Tif_NonTIF],$A$4)) -> 4101488 | P12: =SUMPRODUCT(SUMIFS(AssessedValuation[100% Utilities],AssessedValuation[Dist],$C12:$E12,AssessedValuation[Tif_NonTIF],$A$4)) -> 1464281 | Q12: =SUMPRODUCT(SUMIFS(AssessedValuation[100% Other],AssessedValuation[Dist],$C12:$E12,AssessedValuation[Tif_NonTIF],$A$4)) -> 0 | R12: =SUMPRODUCT(SUMIFS(AssessedValuation[100% Gross],AssessedValuation[Dist],$C12:$E12,AssessedValuation[Tif_NonTIF],$A$4)) -> 269432202 | S12: =SUMPRODUCT(SUMIFS(AssessedValuation[100% Military Exempt],AssessedValuation[Dist],$C12:$E12,AssessedValuation[Tif_NonTIF],$A$4)) -> 256000 | T12: =SUMPRODUCT(SUMIFS(AssessedValuation[100% Homestead Exempt],AssessedValuation[Dist],$C12:$E12,AssessedValuation[Tif_NonTIF],$A$4)) -> 786500 | U12: =SUMPRODUCT(SUMIFS(AssessedValuation[100% Net],AssessedValuation[Dist],$C12:$E12,AssessedValuation[Tif_NonTIF],$A$4)) -> 268389702 | V12: =SUMPRODUCT(SUMIFS(AssessedValuation[100% Gas & Elec Utilities],AssessedValuation[Dist],$C12:$E12,AssessedValuation[Tif_NonTIF],$A$4)) -> 13616539 | W12: =SUM(U12:V12) -> 282006241
A13: 2026 | B13: 15 | C13: 0081 | F13: 0081 | G13: Albia | H13: =SUMPRODUCT(SUMIFS(AssessedValuation[100% Residential],AssessedValuation[Dist],$C13:$E13,AssessedValuation[Tif_NonTIF],$A$4)) -> 401700372 | I13: =SUMPRODUCT(SUMIFS(AssessedValuation[100% Ag Land],AssessedValuation[Dist],$C13:$E13,AssessedValuation[Tif_NonTIF],$A$4)) -> 130882750 | J13: =SUMPRODUCT(SUMIFS(AssessedValuation[100% Ag Building],AssessedValuation[Dist],$C13:$E13,AssessedValuation[Tif_NonTIF],$A$4)) -> 4426100 | K13: =SUMPRODUCT(SUMIFS(AssessedValuation[100% Commercial],AssessedValuation[Dist],$C13:$E13,AssessedValuation[Tif_NonTIF],$A$4)) -> 42438666 | L13: =SUMPRODUCT(SUMIFS(AssessedValuation[100% Industrial],AssessedValuation[Dist],$C13:$E13,AssessedValuation[Tif_NonTIF],$A$4)) -> 12910608 | M13: =SUMPRODUCT(SUMIFS(AssessedValuation[100% Reserved],AssessedValuation[Dist],$C13:$E13,AssessedValuation[Tif_NonTIF],$A$4)) -> 0 | N13: =SUMPRODUCT(SUMIFS(AssessedValuation[100% Reserved4],AssessedValuation[Dist],$C13,AssessedValuation[Tif_NonTIF],$A$4)) -> 0 | O13: =SUMPRODUCT(SUMIFS(AssessedValuation[100% Railroads],AssessedValuation[Dist],$C13:$E13,AssessedValuation[Tif_NonTIF],$A$4)) -> 43097322 | P13: =SUMPRODUCT(SUMIFS(AssessedValuation[100% Utilities],AssessedValuation[Dist],$C13:$E13,AssessedValuation[Tif_NonTIF],$A$4)) -> 1770575 | Q13: =SUMPRODUCT(SUMIFS(AssessedValuation[100% Other],AssessedValuation[Dist],$C13:$E13,AssessedValuation[Tif_NonTIF],$A$4)) -> 39012 | R13: =SUMPRODUCT(SUMIFS(AssessedValuation[100% Gross],AssessedValuation[Dist],$C13:$E13,AssessedValuation[Tif_NonTIF],$A$4)) -> 637265405 | S13: =SUMPRODUCT(SUMIFS(AssessedValuation[100% Military Exempt],AssessedValuation[Dist],$C13:$E13,AssessedValuation[Tif_NonTIF],$A$4)) -> 1006401 | T13: =SUMPRODUCT(SUMIFS(AssessedValuation[100% Homestead Exempt],AssessedValuation[Dist],$C13:$E13,AssessedValuation[Tif_NonTIF],$A$4)) -> 4701123 | U13: =SUMPRODUCT(SUMIFS(AssessedValuation[100% Net],AssessedValuation[Dist],$C13:$E13,AssessedValuation[Tif_NonTIF],$A$4)) -> 631557881 | V13: =SUMPRODUCT(SUMIFS(AssessedValuation[100% Gas & Elec Utilities],AssessedValuation[Dist],$C13:$E13,AssessedValuation[Tif_NonTIF],$A$4)) -> 30778266 | W13: =SUM(U13:V13) -> 662336147
A14: 2026 | B14: 10 | C14: 0099 | F14: 0099 | G14: Alburnett | H14: =SUMPRODUCT(SUMIFS(AssessedValuation[100% Residential],AssessedValuation[Dist],$C14:$E14,AssessedValuation[Tif_NonTIF],$A$4)) -> 442955324 | I14: =SUMPRODUCT(SUMIFS(AssessedValuation[100% Ag Land],AssessedValuation[Dist],$C14:$E14,AssessedValuation[Tif_NonTIF],$A$4)) -> 68723215 | J14: =SUMPRODUCT(SUMIFS(AssessedValuation[100% Ag Building],AssessedValuation[Dist],$C14:$E14,AssessedValuation[Tif_NonTIF],$A$4)) -> 6992388 | K14: =SUMPRODUCT(SUMIFS(AssessedValuation[100% Commercial],AssessedValuation[Dist],$C14:$E14,AssessedValuation[Tif_NonTIF],$A$4)) -> 17751619 | L14: =SUMPRODUCT(SUMIFS(AssessedValuation[100% Industrial],AssessedValuation[Dist],$C14:$E14,AssessedValuation[Tif_NonTIF],$A$4)) -> 377700 | M14: =SUMPRODUCT(SUMIFS(AssessedValuation[100% Reserved],AssessedValuation[Dist],$C14:$E14,AssessedValuation[Tif_NonTIF],$A$4)) -> 0 | N14: =SUMPRODUCT(SUMIFS(AssessedValuation[100% Reserved4],AssessedValuation[Dist],$C14,AssessedValuation[Tif_NonTIF],$A$4)) -> 0 | O14: =SUMPRODUCT(SUMIFS(AssessedValuation[100% Railroads],AssessedValuation[Dist],$C14:$E14,AssessedValuation[Tif_NonTIF],$A$4)) -> 1977734 | P14: =SUMPRODUCT(SUMIFS(AssessedValuation[100% Utilities],AssessedValuation[Dist],$C14:$E14,AssessedValuation[Tif_NonTIF],$A$4)) -> 1474 | Q14: =SUMPRODUCT(SUMIFS(AssessedValuation[100% Other],AssessedValuation[Dist],$C14:$E14,AssessedValuation[Tif_NonTIF],$A$4)) -> 0 | R14: =SUMPRODUCT(SUMIFS(AssessedValuation[100% Gross],AssessedValuation[Dist],$C14:$E14,AssessedValuation[Tif_NonTIF],$A$4)) -> 538779454 | S14: =SUMPRODUCT(SUMIFS(AssessedValuation[100% Military Exempt],AssessedValuation[Dist],$C14:$E14,AssessedValuation[Tif_NonTIF],$A$4)) -> 656000 | T14: =SUMPRODUCT(SUMIFS(AssessedValuation[100% Homestead Exempt],AssessedValuation[Dist],$C14:$E14,AssessedValuation[Tif_NonTIF],$A$4)) -> 2834000 | U14: =SUMPRODUCT(SUMIFS(AssessedValuation[100% Net],AssessedValuation[Dist],$C14:$E14,AssessedValuation[Tif_NonTIF],$A$4)) -> 535289454 | V14: =SUMPRODUCT(SUMIFS(AssessedValuation[100% Gas & Elec Utilities],AssessedValuation[Dist],$C14:$E14,AssessedValuation[Tif_NonTIF],$A$4)) -> 30493535 | W14: =SUM(U14:V14) -> 565782989
A15: 2026 | B15: 07 | C15: 0108 | F15: 0108 | G15: Alden | H15: =SUMPRODUCT(SUMIFS(AssessedValuation[100% Residential],AssessedValuation[Dist],$C15:$E15,AssessedValuation[Tif_NonTIF],$A$4)) -> 69305340 | I15: =SUMPRODUCT(SUMIFS(AssessedValuation[100% Ag Land],AssessedValuation[Dist],$C15:$E15,AssessedValuation[Tif_NonTIF],$A$4)) -> 106433170 | J15: =SUMPRODUCT(SUMIFS(AssessedValuation[100% Ag Building],AssessedValuation[Dist],$C15:$E15,AssessedValuation[Tif_NonTIF],$A$4)) -> 16802740 | K15: =SUMPRODUCT(SUMIFS(AssessedValuation[100% Commercial],AssessedValuation[Dist],$C15:$E15,AssessedValuation[Tif_NonTIF],$A$4)) -> 22015010 | L15: =SUMPRODUCT(SUMIFS(AssessedValuation[100% Industrial],AssessedValuation[Dist],$C15:$E15,AssessedValuation[Tif_NonTIF],$A$4)) -> 17115740 | M15: =SUMPRODUCT(SUMIFS(AssessedValuation[100% Reserved],AssessedValuation[Dist],$C15:$E15,AssessedValuation[Tif_NonTIF],$A$4)) -> 0 | N15: =SUMPRODUCT(SUMIFS(AssessedValuation[100% Reserved4],AssessedValuation[Dist],$C15,AssessedValuation[Tif_NonTIF],$A$4)) -> 0 | O15: =SUMPRODUCT(SUMIFS(AssessedValuation[100% Railroads],AssessedValuation[Dist],$C15:$E15,AssessedValuation[Tif_NonTIF],$A$4)) -> 12945486 | P15: =SUMPRODUCT(SUMIFS(AssessedValuation[100% Utilities],AssessedValuation[Dist],$C15:$E15,AssessedValuation[Tif_NonTIF],$A$4)) -> 1348401 | Q15: =SUMPRODUCT(SUMIFS(AssessedValuation[100% Other],AssessedValuation[Dist],$C15:$E15,AssessedValuation[Tif_NonTIF],$A$4)) -> 0 | R15: =SUMPRODUCT(SUMIFS(AssessedValuation[100% Gross],AssessedValuation[Dist],$C15:$E15,AssessedValuation[Tif_NonTIF],$A$4)) -> 245965887 | S15: =SUMPRODUCT(SUMIFS(AssessedValuation[100% Military Exempt],AssessedValuation[Dist],$C15:$E15,AssessedValuation[Tif_NonTIF],$A$4)) -> 276000 | T15: =SUMPRODUCT(SUMIFS(AssessedValuation[100% Homestead Exempt],AssessedValuation[Dist],$C15:$E15,AssessedValuation[Tif_NonTIF],$A$4)) -> 682500 | U15: =SUMPRODUCT(SUMIFS(AssessedValuation[100% Net],AssessedValuation[Dist],$C15:$E15,AssessedValuation[Tif_NonTIF],$A$4)) -> 245007387 | V15: =SUMPRODUCT(SUMIFS(AssessedValuation[100% Gas & Elec Utilities],AssessedValuation[Dist],$C15:$E15,AssessedValuation[Tif_NonTIF],$A$4)) -> 13147802 | W15: =SUM(U15:V15) -> 258155189
A16: 2026 | B16: 05 | C16: 0126 | D16: 6417 | E16: 3897 | F16: 0126 | G16: Algona | H16: =SUMPRODUCT(SUMIFS(AssessedValuation[100% Residential],AssessedValuation[Dist],$C16:$E16,AssessedValuation[Tif_NonTIF],$A$4)) -> 754613120 | I16: =SUMPRODUCT(SUMIFS(AssessedValuation[100% Ag Land],AssessedValuation[Dist],$C16:$E16,AssessedValuation[Tif_NonTIF],$A$4)) -> 624642685 | J16: =SUMPRODUCT(SUMIFS(AssessedValuation[100% Ag Building],AssessedValuation[Dist],$C16:$E16,AssessedValuation[Tif_NonTIF],$A$4)) -> 62807429 | K16: =SUMPRODUCT(SUMIFS(AssessedValuation[100% Commercial],AssessedValuation[Dist],$C16:$E16,AssessedValuation[Tif_NonTIF],$A$4)) -> 179352183 | L16: =SUMPRODUCT(SUMIFS(AssessedValuation[100% Industrial],AssessedValuation[Dist],$C16:$E16,AssessedValuation[Tif_NonTIF],$A$4)) -> 100016314 | M16: =SUMPRODUCT(SUMIFS(AssessedValuation[100% Reserved],AssessedValuation[Dist],$C16:$E16,AssessedValuation[Tif_NonTIF],$A$4)) -> 0 | N16: =SUMPRODUCT(SUMIFS(AssessedValuation[100% Reserved4],AssessedValuation[Dist],$C16,AssessedValuation[Tif_NonTIF],$A$4)) -> 0 | O16: =SUMPRODUCT(SUMIFS(AssessedValuation[100% Railroads],AssessedValuation[Dist],$C16:$E16,AssessedValuation[Tif_NonTIF],$A$4)) -> 50716397 | P16: =SUMPRODUCT(SUMIFS(AssessedValuation[100% Utilities],AssessedValuation[Dist],$C16:$E16,AssessedValuation[Tif_NonTIF],$A$4)) -> 2230141 | Q16: =SUMPRODUCT(SUMIFS(AssessedValuation[100% Other],AssessedValuation[Dist],$C16:$E16,AssessedValuation[Tif_NonTIF],$A$4)) -> 0 | R16: =SUMPRODUCT(SUMIFS(AssessedValuation[100% Gross],AssessedValuation[Dist],$C16:$E16,AssessedValuation[Tif_NonTIF],$A$4)) -> 1774378269 | S16: =SUMPRODUCT(SUMIFS(AssessedValuation[100% Military Exempt],AssessedValuation[Dist],$C16:$E16,AssessedValuation[Tif_NonTIF],$A$4)) -> 2028664 | T16: =SUMPRODUCT(SUMIFS(AssessedValuation[100% Homestead Exempt],AssessedValuation[Dist],$C16:$E16,AssessedValuation[Tif_NonTIF],$A$4)) -> 7082199 | U16: =SUMPRODUCT(SUMIFS(AssessedValuation[100% Net],AssessedValuation[Dist],$C16:$E16,AssessedValuation[Tif_NonTIF],$A$4)) -> 1765267406 | V16: =SUMPRODUCT(SUMIFS(AssessedValuation[100% Gas & Elec Utilities],AssessedValuation[Dist],$C16:$E16,AssessedValuation[Tif_NonTIF],$A$4)) -> 202913945 | W16: =SUM(U16:V16) -> 1968181351
A17: 2026 | B17: 01 | C17: 0135 | F17: 0135 | G17: Allamakee | H17: =SUMPRODUCT(SUMIFS(AssessedValuation[100% Residential],AssessedValuation[Dist],$C17:$E17,AssessedValuation[Tif_NonTIF],$A$4)) -> 794567963 | I17: =SUMPRODUCT(SUMIFS(AssessedValuation[100% Ag Land],AssessedValuation[Dist],$C17:$E17,AssessedValuation[Tif_NonTIF],$A$4)) -> 247093669 | J17: =SUMPRODUCT(SUMIFS(AssessedValuation[100% Ag Building],AssessedValuation[Dist],$C17:$E17,AssessedValuation[Tif_NonTIF],$A$4)) -> 23963660 | K17: =SUMPRODUCT(SUMIFS(AssessedValuation[100% Commercial],AssessedValuation[Dist],$C17:$E17,AssessedValuation[Tif_NonTIF],$A$4)) -> 83639328 | L17: =SUMPRODUCT(SUMIFS(AssessedValuation[100% Industrial],AssessedValuation[Dist],$C17:$E17,AssessedValuation[Tif_NonTIF],$A$4)) -> 18414421 | M17: =SUMPRODUCT(SUMIFS(AssessedValuation[100% Reserved],AssessedValuation[Dist],$C17:$E17,AssessedValuation[Tif_NonTIF],$A$4)) -> 0 | N17: =SUMPRODUCT(SUMIFS(AssessedValuation[100% Reserved4],AssessedValuation[Dist],$C17,AssessedValuation[Tif_NonTIF],$A$4)) -> 0 | O17: =SUMPRODUCT(SUMIFS(AssessedValuation[100% Railroads],AssessedValuation[Dist],$C17:$E17,AssessedValuation[Tif_NonTIF],$A$4)) -> 3228611 | P17: =SUMPRODUCT(SUMIFS(AssessedValuation[100% Utilities],AssessedValuation[Dist],$C17:$E17,AssessedValuation[Tif_NonTIF],$A$4)) -> 3510636 | Q17: =SUMPRODUCT(SUMIFS(AssessedValuation[100% Other],AssessedValuation[Dist],$C17:$E17,AssessedValuation[Tif_NonTIF],$A$4)) -> 0 | R17: =SUMPRODUCT(SUMIFS(AssessedValuation[100% Gross],AssessedValuation[Dist],$C17:$E17,AssessedValuation[Tif_NonTIF],$A$4)) -> 1174418288 | S17: =SUMPRODUCT(SUMIFS(AssessedValuation[100% Military Exempt],AssessedValuation[Dist],$C17:$E17,AssessedValuation[Tif_NonTIF],$A$4)) -> 1551129 | T17: =SUMPRODUCT(SUMIFS(AssessedValuation[100% Homestead Exempt],AssessedValuation[Dist],$C17:$E17,AssessedValuation[Tif_NonTIF],$A$4)) -> 5544500 | U17: =SUMPRODUCT(SUMIFS(AssessedValuation[100% Net],AssessedValuation[Dist],$C17:$E17,AssessedValuation[Tif_NonTIF],$A$4)) -> 1167322659 | V17: =SUMPRODUCT(SUMIFS(AssessedValuation[100% Gas & Elec Utilities],AssessedValuation[Dist],$C17:$E17,AssessedValuation[Tif_NonTIF],$A$4)) -> 47357442 | W17: =SUM(U17:V17) -> 1214680101
A18: 2026 | B18: 05 | C18: 0171 | F18: 0171 | G18: Alta-Aurelia | H18: =SUMPRODUCT(SUMIFS(AssessedValuation[100% Residential],AssessedValuation[Dist],$C18:$E18,AssessedValuation[Tif_NonTIF],$A$4)) -> 346040287 | I18: =SUMPRODUCT(SUMIFS(AssessedValuation[100% Ag Land],AssessedValuation[Dist],$C18:$E18,AssessedValuation[Tif_NonTIF],$A$4)) -> 297162090 | J18: =SUMPRODUCT(SUMIFS(AssessedValuation[100% Ag Building],AssessedValuation[Dist],$C18:$E18,AssessedValuation[Tif_NonTIF],$A$4)) -> 24678170 | K18: =SUMPRODUCT(SUMIFS(AssessedValuation[100% Commercial],AssessedValuation[Dist],$C18:$E18,AssessedValuation[Tif_NonTIF],$A$4)) -> 39717658 | L18: =SUMPRODUCT(SUMIFS(AssessedValuation[100% Industrial],AssessedValuation[Dist],$C18:$E18,AssessedValuation[Tif_NonTIF],$A$4)) -> 62366400 | M18: =SUMPRODUCT(SUMIFS(AssessedValuation[100% Reserved],AssessedValuation[Dist],$C18:$E18,AssessedValuation[Tif_NonTIF],$A$4)) -> 0 | N18: =SUMPRODUCT(SUMIFS(AssessedValuation[100% Reserved4],AssessedValuation[Dist],$C18,AssessedValuation[Tif_NonTIF],$A$4)) -> 0 | O18: =SUMPRODUCT(SUMIFS(AssessedValuation[100% Railroads],AssessedValuation[Dist],$C18:$E18,AssessedValuation[Tif_NonTIF],$A$4)) -> 4088730 | P18: =SUMPRODUCT(SUMIFS(AssessedValuation[100% Utilities],AssessedValuation[Dist],$C18:$E18,AssessedValuation[Tif_NonTIF],$A$4)) -> 42789883 | Q18: =SUMPRODUCT(SUMIFS(AssessedValuation[100% Other],AssessedValuation[Dist],$C18:$E18,AssessedValuation[Tif_NonTIF],$A$4)) -> 0 | R18: =SUMPRODUCT(SUMIFS(AssessedValuation[100% Gross],AssessedValuation[Dist],$C18:$E18,AssessedValuation[Tif_NonTIF],$A$4)) -> 816843218 | S18: =SUMPRODUCT(SUMIFS(AssessedValuation[100% Military Exempt],AssessedValuation[Dist],$C18:$E18,AssessedValuation[Tif_NonTIF],$A$4)) -> 691828 | T18: =SUMPRODUCT(SUMIFS(AssessedValuation[100% Homestead Exempt],AssessedValuation[Dist],$C18:$E18,AssessedValuation[Tif_NonTIF],$A$4)) -> 1881750 | U18: =SUMPRODUCT(SUMIFS(AssessedValuation[100% Net],AssessedValuation[Dist],$C18:$E18,AssessedValuation[Tif_NonTIF],$A$4)) -> 814269640 | V18: =SUMPRODUCT(SUMIFS(AssessedValuation[100% Gas & Elec Utilities],AssessedValuation[Dist],$C18:$E18,AssessedValuation[Tif_NonTIF],$A$4)) -> 24332924 | W18: =SUM(U18:V18) -> 838602564
A19: 2026 | B19: 11 | C19: 0225 | F19: 0225 | G19: Ames | H19: =SUMPRODUCT(SUMIFS(AssessedValuation[100% Residential],AssessedValuation[Dist],$C19:$E19,AssessedValuation[Tif_NonTIF],$A$4)) -> 4514935200 | I19: =SUMPRODUCT(SUMIFS(AssessedValuation[100% Ag Land],AssessedValuation[Dist],$C19:$E19,AssessedValuation[Tif_NonTIF],$A$4)) -> 13120800 | J19: =SUMPRODUCT(SUMIFS(AssessedValuation[100% Ag Building],AssessedValuation[Dist],$C19:$E19,AssessedValuation[Tif_NonTIF],$A$4)) -> 278200 | K19: =SUMPRODUCT(SUMIFS(AssessedValuation[100% Commercial],AssessedValuation[Dist],$C19:$E19,AssessedValuation[Tif_NonTIF],$A$4)) -> 1178743600 | L19: =SUMPRODUCT(SUMIFS(AssessedValuation[100% Industrial],AssessedValuation[Dist],$C19:$E19,AssessedValuation[Tif_NonTIF],$A$4)) -> 169316400 | M19: =SUMPRODUCT(SUMIFS(AssessedValuation[100% Reserved],AssessedValuation[Dist],$C19:$E19,AssessedValuation[Tif_NonTIF],$A$4)) -> 0 | N19: =SUMPRODUCT(SUMIFS(AssessedValuation[100% Reserved4],AssessedValuation[Dist],$C19,AssessedValuation[Tif_NonTIF],$A$4)) -> 0 | O19: =SUMPRODUCT(SUMIFS(AssessedValuation[100% Railroads],AssessedValuation[Dist],$C19:$E19,AssessedValuation[Tif_NonTIF],$A$4)) -> 13776094 | P19: =SUMPRODUCT(SUMIFS(AssessedValuation[100% Utilities],AssessedValuation[Dist],$C19:$E19,AssessedValuation[Tif_NonTIF],$A$4)) -> 657111 | Q19: =SUMPRODUCT(SUMIFS(AssessedValuation[100% Other],AssessedValuation[Dist],$C19:$E19,AssessedValuation[Tif_NonTIF],$A$4)) -> 0 | R19: =SUMPRODUCT(SUMIFS(AssessedValuation[100% Gross],AssessedValuation[Dist],$C19:$E19,AssessedValuation[Tif_NonTIF],$A$4)) -> 5890827405 | S19: =SUMPRODUCT(SUMIFS(AssessedValuation[100% Military Exempt],AssessedValuation[Dist],$C19:$E19,AssessedValuation[Tif_NonTIF],$A$4)) -> 3330520 | T19: =SUMPRODUCT(SUMIFS(AssessedValuation[100% Homestead Exempt],AssessedValuation[Dist],$C19:$E19,AssessedValuation[Tif_NonTIF],$A$4)) -> 14391000 | U19: =SUMPRODUCT(SUMIFS(AssessedValuation[100% Net],AssessedValuation[Dist],$C19:$E19,AssessedValuation[Tif_NonTIF],$A$4)) -> 5873105885 | V19: =SUMPRODUCT(SUMIFS(AssessedValuation[100% Gas & Elec Utilities],AssessedValuation[Dist],$C19:$E19,AssessedValuation[Tif_NonTIF],$A$4)) -> 46298106 | W19: =SUM(U19:V19) -> 5919403991
A20: 2026 | B20: 10 | C20: 0234 | F20: 0234 | G20: Anamosa | H20: =SUMPRODUCT(SUMIFS(AssessedValuation[100% Residential],AssessedValuation[Dist],$C20:$E20,AssessedValuation[Tif_NonTIF],$A$4)) -> 752755282 | I20: =SUMPRODUCT(SUMIFS(AssessedValuation[100% Ag Land],AssessedValuation[Dist],$C20:$E20,AssessedValuation[Tif_NonTIF],$A$4)) -> 119285820 | J20: =SUMPRODUCT(SUMIFS(AssessedValuation[100% Ag Building],AssessedValuation[Dist],$C20:$E20,AssessedValuation[Tif_NonTIF],$A$4)) -> 9145580 | K20: =SUMPRODUCT(SUMIFS(AssessedValuation[100% Commercial],AssessedValuation[Dist],$C20:$E20,AssessedValuation[Tif_NonTIF],$A$4)) -> 63661657 | L20: =SUMPRODUCT(SUMIFS(AssessedValuation[100% Industrial],AssessedValuation[Dist],$C20:$E20,AssessedValuation[Tif_NonTIF],$A$4)) -> 5106583 | M20: =SUMPRODUCT(SUMIFS(AssessedValuation[100% Reserved],AssessedValuation[Dist],$C20:$E20,AssessedValuation[Tif_NonTIF],$A$4)) -> 0 | N20: =SUMPRODUCT(SUMIFS(AssessedValuation[100% Reserved4],AssessedValuation[Dist],$C20,AssessedValuation[Tif_NonTIF],$A$4)) -> 0 | O20: =SUMPRODUCT(SUMIFS(AssessedValuation[100% Railroads],AssessedValuation[Dist],$C20:$E20,AssessedValuation[Tif_NonTIF],$A$4)) -> 0 | P20: =SUMPRODUCT(SUMIFS(AssessedValuation[100% Utilities],AssessedValuation[Dist],$C20:$E20,AssessedValuation[Tif_NonTIF],$A$4)) -> 3862937 | Q20: =SUMPRODUCT(SUMIFS(AssessedValuation[100% Other],AssessedValuation[Dist],$C20:$E20,AssessedValuation[Tif_NonTIF],$A$4)) -> 999146 | R20: =SUMPRODUCT(SUMIFS(AssessedValuation[100% Gross],AssessedValuation[Dist],$C20:$E20,AssessedValuation[Tif_NonTIF],$A$4)) -> 954817005 | S20: =SUMPRODUCT(SUMIFS(AssessedValuation[100% Military Exempt],AssessedValuation[Dist],$C20:$E20,AssessedValuation[Tif_NonTIF],$A$4)) -> 1701072 | T20: =SUMPRODUCT(SUMIFS(AssessedValuation[100% Homestead Exempt],AssessedValuation[Dist],$C20:$E20,AssessedValuation[Tif_NonTIF],$A$4)) -> 6487000 | U20: =SUMPRODUCT(SUMIFS(AssessedValuation[100% Net],AssessedValuation[Dist],$C20:$E20,AssessedValuation[Tif_NonTIF],$A$4)) -> 946628933 | V20: =SUMPRODUCT(SUMIFS(AssessedValuation[100% Gas & Elec Utilities],AssessedValuation[Dist],$C20:$E20,AssessedValuation[Tif_NonTIF],$A$4)) -> 66707340 | W20: =SUM(U20:V20) -> 1013336273
A21: 2026 | B21: 09 | C21: 0243 | F21: 0243 | G21: Andrew | H21: =SUMPRODUCT(SUMIFS(AssessedValuation[100% Residential],AssessedValuation[Dist],$C21:$E21,AssessedValuation[Tif_NonTIF],$A$4)) -> 137252900 | I21: =SUMPRODUCT(SUMIFS(AssessedValuation[100% Ag Land],AssessedValuation[Dist],$C21:$E21,AssessedValuation[Tif_NonTIF],$A$4)) -> 83072600 | J21: =SUMPRODUCT(SUMIFS(AssessedValuation[100% Ag Building],AssessedValuation[Dist],$C21:$E21,AssessedValuation[Tif_NonTIF],$A$4)) -> 6349100 | K21: =SUMPRODUCT(SUMIFS(AssessedValuation[100% Commercial],AssessedValuation[Dist],$C21:$E21,AssessedValuation[Tif_NonTIF],$A$4)) -> 4339900 | L21: =SUMPRODUCT(SUMIFS(AssessedValuation[100% Industrial],AssessedValuation[Dist],$C21:$E21,AssessedValuation[Tif_NonTIF],$A$4)) -> 2487700 | M21: =SUMPRODUCT(SUMIFS(AssessedValuation[100% Reserved],AssessedValuation[Dist],$C21:$E21,AssessedValuation[Tif_NonTIF],$A$4)) -> 0 | N21: =SUMPRODUCT(SUMIFS(AssessedValuation[100% Reserved4],AssessedValuation[Dist],$C21,AssessedValuation[Tif_NonTIF],$A$4)) -> 0 | O21: =SUMPRODUCT(SUMIFS(AssessedValuation[100% Railroads],AssessedValuation[Dist],$C21:$E21,AssessedValuation[Tif_NonTIF],$A$4)) -> 0 | P21: =SUMPRODUCT(SUMIFS(AssessedValuation[100% Utilities],AssessedValuation[Dist],$C21:$E21,AssessedValuation[Tif_NonTIF],$A$4)) -> 841392 | Q21: =SUMPRODUCT(SUMIFS(AssessedValuation[100% Other],AssessedValuation[Dist],$C21:$E21,AssessedValuation[Tif_NonTIF],$A$4)) -> 0 | R21: =SUMPRODUCT(SUMIFS(AssessedValuation[100% Gross],AssessedValuation[Dist],$C21:$E21,AssessedValuation[Tif_NonTIF],$A$4)) -> 234343592 | S21: =SUMPRODUCT(SUMIFS(AssessedValuation[100% Military Exempt],AssessedValuation[Dist],$C21:$E21,AssessedValuation[Tif_NonTIF],$A$4)) -> 204000 | T21: =SUMPRODUCT(SUMIFS(AssessedValuation[100% Homestead Exempt],AssessedValuation[Dist],$C21:$E21,AssessedValuation[Tif_NonTIF],$A$4)) -> 975000 | U21: =SUMPRODUCT(SUMIFS(AssessedValuation[100% Net],AssessedValuation[Dist],$C21:$E21,AssessedValuation[Tif_NonTIF],$A$4)) -> 233164592 | V21: =SUMPRODUCT(SUMIFS(AssessedValuation[100% Gas & Elec Utilities],AssessedValuation[Dist],$C21:$E21,AssessedValuation[Tif_NonTIF],$A$4)) -> 18662625 | W21: =SUM(U21:V21) -> 251827217
A22: 2026 | B22: 11 | C22: 0261 | F22: 0261 | G22: Ankeny | H22: =SUMPRODUCT(SUMIFS(AssessedValuation[100% Residential],AssessedValuation[Dist],$C22:$E22,AssessedValuation[Tif_NonTIF],$A$4)) -> 9431678573 | I22: =SUMPRODUCT(SUMIFS(AssessedValuation[100% Ag Land],AssessedValuation[Dist],$C22:$E22,AssessedValuation[Tif_NonTIF],$A$4)) -> 17511690 | J22: =SUMPRODUCT(SUMIFS(AssessedValuation[100% Ag Building],AssessedValuation[Dist],$C22:$E22,AssessedValuation[Tif_NonTIF],$A$4)) -> 1182860 | K22: =SUMPRODUCT(SUMIFS(AssessedValuation[100% Commercial],AssessedValuation[Dist],$C22:$E22,AssessedValuation[Tif_NonTIF],$A$4)) -> 1390438694 | L22: =SUMPRODUCT(SUMIFS(AssessedValuation[100% Industrial],AssessedValuation[Dist],$C22:$E22,AssessedValuation[Tif_NonTIF],$A$4)) -> 213388217 | M22: =SUMPRODUCT(SUMIFS(AssessedValuation[100% Reserved],AssessedValuation[Dist],$C22:$E22,AssessedValuation[Tif_NonTIF],$A$4)) -> 0 | N22: =SUMPRODUCT(SUMIFS(AssessedValuation[100% Reserved4],AssessedValuation[Dist],$C22,AssessedValuation[Tif_NonTIF],$A$4)) -> 0 | O22: =SUMPRODUCT(SUMIFS(AssessedValuation[100% Railroads],AssessedValuation[Dist],$C22:$E22,AssessedValuation[Tif_NonTIF],$A$4)) -> 2766120 | P22: =SUMPRODUCT(SUMIFS(AssessedValuation[100% Utilities],AssessedValuation[Dist],$C22:$E22,AssessedValuation[Tif_NonTIF],$A$4)) -> 1294241 | Q22: =SUMPRODUCT(SUMIFS(AssessedValuation[100% Other],AssessedValuation[Dist],$C22:$E22,AssessedValuation[Tif_NonTIF],$A$4)) -> 0 | R22: =SUMPRODUCT(SUMIFS(AssessedValuation[100% Gross],AssessedValuation[Dist],$C22:$E22,AssessedValuation[Tif_NonTIF],$A$4)) -> 11058260395 | S22: =SUMPRODUCT(SUMIFS(AssessedValuation[100% Military Exempt],AssessedValuation[Dist],$C22:$E22,AssessedValuation[Tif_NonTIF],$A$4)) -> 7828147 | T22: =SUMPRODUCT(SUMIFS(AssessedValuation[100% Homestead Exempt],AssessedValuation[Dist],$C22:$E22,AssessedValuation[Tif_NonTIF],$A$4)) -> 31616000 | U22: =SUMPRODUCT(SUMIFS(AssessedValuation[100% Net],AssessedValuation[Dist],$C22:$E22,AssessedValuation[Tif_NonTIF],$A$4)) -> 11018816248 | V22: =SUMPRODUCT(SUMIFS(AssessedValuation[100% Gas & Elec Utilities],AssessedValuation[Dist],$C22:$E22,AssessedValuation[Tif_NonTIF],$A$4)) -> 138735381 | W22: =SUM(U22:V22) -> 11157551629
A23: 2026 | B23: 07 | C23: 0279 | F23: 0279 | G23: Aplington-Parkersburg | H23: =SUMPRODUCT(SUMIFS(AssessedValuation[100% Residential],AssessedValuation[Dist],$C23:$E23,AssessedValuation[Tif_NonTIF],$A$4)) -> 352351150 | I23: =SUMPRODUCT(SUMIFS(AssessedValuation[100% Ag Land],AssessedValuation[Dist],$C23:$E23,AssessedValuation[Tif_NonTIF],$A$4)) -> 176328330 | J23: =SUMPRODUCT(SUMIFS(AssessedValuation[100% Ag Building],AssessedValuation[Dist],$C23:$E23,AssessedValuation[Tif_NonTIF],$A$4)) -> 13405880 | K23: =SUMPRODUCT(SUMIFS(AssessedValuation[100% Commercial],AssessedValuation[Dist],$C23:$E23,AssessedValuation[Tif_NonTIF],$A$4)) -> 26915685 | L23: =SUMPRODUCT(SUMIFS(AssessedValuation[100% Industrial],AssessedValuation[Dist],$C23:$E23,AssessedValuation[Tif_NonTIF],$A$4)) -> 6086689 | M23: =SUMPRODUCT(SUMIFS(AssessedValuation[100% Reserved],AssessedValuation[Dist],$C23:$E23,AssessedValuation[Tif_NonTIF],$A$4)) -> 0 | N23: =SUMPRODUCT(SUMIFS(AssessedValuation[100% Reserved4],AssessedValuation[Dist],$C23,AssessedValuation[Tif_NonTIF],$A$4)) -> 0 | O23: =SUMPRODUCT(SUMIFS(AssessedValuation[100% Railroads],AssessedValuation[Dist],$C23:$E23,AssessedValuation[Tif_NonTIF],$A$4)) -> 4997336 | P23: =SUMPRODUCT(SUMIFS(AssessedValuation[100% Utilities],AssessedValuation[Dist],$C23:$E23,AssessedValuation[Tif_NonTIF],$A$4)) -> 872507 | Q23: =SUMPRODUCT(SUMIFS(AssessedValuation[100% Other],AssessedValuation[Dist],$C23:$E23,AssessedValuation[Tif_NonTIF],$A$4)) -> 0 | R23: =SUMPRODUCT(SUMIFS(AssessedValuation[100% Gross],AssessedValuation[Dist],$C23:$E23,AssessedValuation[Tif_NonTIF],$A$4)) -> 580957577 | S23: =SUMPRODUCT(SUMIFS(AssessedValuation[100% Military Exempt],AssessedValuation[Dist],$C23:$E23,AssessedValuation[Tif_NonTIF],$A$4)) -> 859704 | T23: =SUMPRODUCT(SUMIFS(AssessedValuation[100% Homestead Exempt],AssessedValuation[Dist],$C23:$E23,AssessedValuation[Tif_NonTIF],$A$4)) -> 3178500 | U23: =SUMPRODUCT(SUMIFS(AssessedValuation[100% Net],AssessedValuation[Dist],$C23:$E23,AssessedValuation[Tif_NonTIF],$A$4)) -> 576919373 | V23: =SUMPRODUCT(SUMIFS(AssessedValuation[100% Gas & Elec Utilities],AssessedValuation[Dist],$C23:$E23,AssessedValuation[Tif_NonTIF],$A$4)) -> 94493333 | W23: =SUM(U23:V23) -> 671412706
A24: 2026 | B24: 12 | C24: 0355 | F24: 0355 | G24: Ar-We-Va | H24: =SUMPRODUCT(SUMIFS(AssessedValuation[100% Residential],AssessedValuation[Dist],$C24:$E24,AssessedValuation[Tif_NonTIF],$A$4)) -> 127647149 | I24: =SUMPRODUCT(SUMIFS(AssessedValuation[100% Ag Land],AssessedValuation[Dist],$C24:$E24,AssessedValuation[Tif_NonTIF],$A$4)) -> 217192160 | J24: =SUMPRODUCT(SUMIFS(AssessedValuation[100% Ag Building],AssessedValuation[Dist],$C24:$E24,AssessedValuation[Tif_NonTIF],$A$4)) -> 18377630 | K24: =SUMPRODUCT(SUMIFS(AssessedValuation[100% Commercial],AssessedValuation[Dist],$C24:$E24,AssessedValuation[Tif_NonTIF],$A$4)) -> 10657887 | L24: =SUMPRODUCT(SUMIFS(AssessedValuation[100% Industrial],AssessedValuation[Dist],$C24:$E24,AssessedValuation[Tif_NonTIF],$A$4)) -> 57814913 | M24: =SUMPRODUCT(SUMIFS(AssessedValuation[100% Reserved],AssessedValuation[Dist],$C24:$E24,AssessedValuation[Tif_NonTIF],$A$4)) -> 0 | N24: =SUMPRODUCT(SUMIFS(AssessedValuation[100% Reserved4],AssessedValuation[Dist],$C24,AssessedValuation[Tif_NonTIF],$A$4)) -> 0 | O24: =SUMPRODUCT(SUMIFS(AssessedValuation[100% Railroads],AssessedValuation[Dist],$C24:$E24,AssessedValuation[Tif_NonTIF],$A$4)) -> 20808895 | P24: =SUMPRODUCT(SUMIFS(AssessedValuation[100% Utilities],AssessedValuation[Dist],$C24:$E24,AssessedValuation[Tif_NonTIF],$A$4)) -> 626099 | Q24: =SUMPRODUCT(SUMIFS(AssessedValuation[100% Other],AssessedValuation[Dist],$C24:$E24,AssessedValuation[Tif_NonTIF],$A$4)) -> 0 | R24: =SUMPRODUCT(SUMIFS(AssessedValuation[100% Gross],AssessedValuation[Dist],$C24:$E24,AssessedValuation[Tif_NonTIF],$A$4)) -> 453124733 | S24: =SUMPRODUCT(SUMIFS(AssessedValuation[100% Military Exempt],AssessedValuation[Dist],$C24:$E24,AssessedValuation[Tif_NonTIF],$A$4)) -> 280000 | T24: =SUMPRODUCT(SUMIFS(AssessedValuation[100% Homestead Exempt],AssessedValuation[Dist],$C24:$E24,AssessedValuation[Tif_NonTIF],$A$4)) -> 1306136 | U24: =SUMPRODUCT(SUMIFS(AssessedValuation[100% Net],AssessedValuation[Dist],$C24:$E24,AssessedValuation[Tif_NonTIF],$A$4)) -> 451538597 | V24: =SUMPRODUCT(SUMIFS(AssessedValuation[100% Gas & Elec Utilities],AssessedValuation[Dist],$C24:$E24,AssessedValuation[Tif_NonTIF],$A$4)) -> 12350768 | W24: =SUM(U24:V24) -> 463889365
A25: 2026 | B25: 13 | C25: 0387 | F25: 0387 | G25: Atlantic | H25: =SUMPRODUCT(SUMIFS(AssessedValuation[100% Residential],AssessedValuation[Dist],$C25:$E25,AssessedValuation[Tif_NonTIF],$A$4)) -> 562259924 | I25: =SUMPRODUCT(SUMIFS(AssessedValuation[100% Ag Land],AssessedValuation[Dist],$C25:$E25,AssessedValuation[Tif_NonTIF],$A$4)) -> 241050770 | J25: =SUMPRODUCT(SUMIFS(AssessedValuation[100% Ag Building],AssessedValuation[Dist],$C25:$E25,AssessedValuation[Tif_NonTIF],$A$4)) -> 13916690 | K25: =SUMPRODUCT(SUMIFS(AssessedValuation[100% Commercial],AssessedValuation[Dist],$C25:$E25,AssessedValuation[Tif_NonTIF],$A$4)) -> 102439715 | L25: =SUMPRODUCT(SUMIFS(AssessedValuation[100% Industrial],AssessedValuation[Dist],$C25:$E25,AssessedValuation[Tif_NonTIF],$A$4)) -> 12742560 | M25: =SUMPRODUCT(SUMIFS(AssessedValuation[100% Reserved],AssessedValuation[Dist],$C25:$E25,AssessedValuation[Tif_NonTIF],$A$4)) -> 0 | N25: =SUMPRODUCT(SUMIFS(AssessedValuation[100% Reserved4],AssessedValuation[Dist],$C25,AssessedValuation[Tif_NonTIF],$A$4)) -> 0 | O25: =SUMPRODUCT(SUMIFS(AssessedValuation[100% Railroads],AssessedValuation[Dist],$C25:$E25,AssessedValuation[Tif_NonTIF],$A$4)) -> 4830042 | P25: =SUMPRODUCT(SUMIFS(AssessedValuation[100% Utilities],AssessedValuation[Dist],$C25:$E25,AssessedValuation[Tif_NonTIF],$A$4)) -> 18055057 | Q25: =SUMPRODUCT(SUMIFS(AssessedValuation[100% Other],AssessedValuation[Dist],$C25:$E25,AssessedValuation[Tif_NonTIF],$A$4)) -> 0 | R25: =SUMPRODUCT(SUMIFS(AssessedValuation[100% Gross],AssessedValuation[Dist],$C25:$E25,AssessedValuation[Tif_NonTIF],$A$4)) -> 955294758 | S25: =SUMPRODUCT(SUMIFS(AssessedValuation[100% Military Exempt],AssessedValuation[Dist],$C25:$E25,AssessedValuation[Tif_NonTIF],$A$4)) -> 1444000 | T25: =SUMPRODUCT(SUMIFS(AssessedValuation[100% Homestead Exempt],AssessedValuation[Dist],$C25:$E25,AssessedValuation[Tif_NonTIF],$A$4)) -> 4852557 | U25: =SUMPRODUCT(SUMIFS(AssessedValuation[100% Net],AssessedValuation[Dist],$C25:$E25,AssessedValuation[Tif_NonTIF],$A$4)) -> 948998201 | V25: =SUMPRODUCT(SUMIFS(AssessedValuation[100% Gas & Elec Utilities],AssessedValuation[Dist],$C25:$E25,AssessedValuation[Tif_NonTIF],$A$4)) -> 52466259 | W25: =SUM(U25:V25) -> 1001464460
A26: 2026 | B26: 11 | C26: 0414 | F26: 0414 | G26: Audubon | H26: =SUMPRODUCT(SUMIFS(AssessedValuation[100% Residential],AssessedValuation[Dist],$C26:$E26,AssessedValuation[Tif_NonTIF],$A$4)) -> 203424344 | I26: =SUMPRODUCT(SUMIFS(AssessedValuation[100% Ag Land],AssessedValuation[Dist],$C26:$E26,AssessedValuation[Tif_NonTIF],$A$4)) -> 276852600 | J26: =SUMPRODUCT(SUMIFS(AssessedValuation[100% Ag Building],AssessedValuation[Dist],$C26:$E26,AssessedValuation[Tif_NonTIF],$A$4)) -> 19957350 | K26: =SUMPRODUCT(SUMIFS(AssessedValuation[100% Commercial],AssessedValuation[Dist],$C26:$E26,AssessedValuation[Tif_NonTIF],$A$4)) -> 44875999 | L26: =SUMPRODUCT(SUMIFS(AssessedValuation[100% Industrial],AssessedValuation[Dist],$C26:$E26,AssessedValuation[Tif_NonTIF],$A$4)) -> 21555324 | M26: =SUMPRODUCT(SUMIFS(AssessedValuation[100% Reserved],AssessedValuation[Dist],$C26:$E26,AssessedValuation[Tif_NonTIF],$A$4)) -> 0 | N26: =SUMPRODUCT(SUMIFS(AssessedValuation[100% Reserved4],AssessedValuation[Dist],$C26,AssessedValuation[Tif_NonTIF],$A$4)) -> 0 | O26: =SUMPRODUCT(SUMIFS(AssessedValuation[100% Railroads],AssessedValuation[Dist],$C26:$E26,AssessedValuation[Tif_NonTIF],$A$4)) -> 0 | P26: =SUMPRODUCT(SUMIFS(AssessedValuation[100% Utilities],AssessedValuation[Dist],$C26:$E26,AssessedValuation[Tif_NonTIF],$A$4)) -> 358964 | Q26: =SUMPRODUCT(SUMIFS(AssessedValuation[100% Other],AssessedValuation[Dist],$C26:$E26,AssessedValuation[Tif_NonTIF],$A$4)) -> 0 | R26: =SUMPRODUCT(SUMIFS(AssessedValuation[100% Gross],AssessedValuation[Dist],$C26:$E26,AssessedValuation[Tif_NonTIF],$A$4)) -> 567024581 | S26: =SUMPRODUCT(SUMIFS(AssessedValuation[100% Military Exempt],AssessedValuation[Dist],$C26:$E26,AssessedValuation[Tif_NonTIF],$A$4)) -> 636000 | T26: =SUMPRODUCT(SUMIFS(AssessedValuation[100% Homestead Exempt],AssessedValuation[Dist],$C26:$E26,AssessedValuation[Tif_NonTIF],$A$4)) -> 2340000 | U26: =SUMPRODUCT(SUMIFS(AssessedValuation[100% Net],AssessedValuation[Dist],$C26:$E26,AssessedValuation[Tif_NonTIF],$A$4)) -> 564048581 | V26: =SUMPRODUCT(SUMIFS(AssessedValuation[100% Gas & Elec Utilities],AssessedValuation[Dist],$C26:$E26,AssessedValuation[Tif_NonTIF],$A$4)) -> 56761277 | W26: =SUM(U26:V26) -> 620809858
A27: 2026 | B27: 11 | C27: 0472 | F27: 0472 | G27: Ballard | H27: =SUMPRODUCT(SUMIFS(AssessedValuation[100% Residential],AssessedValuation[Dist],$C27:$E27,AssessedValuation[Tif_NonTIF],$A$4)) -> 804503495 | I27: =SUMPRODUCT(SUMIFS(AssessedValuation[100% Ag Land],AssessedValuation[Dist],$C27:$E27,AssessedValuation[Tif_NonTIF],$A$4)) -> 85870069 | J27: =SUMPRODUCT(SUMIFS(AssessedValuation[100% Ag Building],AssessedValuation[Dist],$C27:$E27,AssessedValuation[Tif_NonTIF],$A$4)) -> 4058456 | K27: =SUMPRODUCT(SUMIFS(AssessedValuation[100% Commercial],AssessedValuation[Dist],$C27:$E27,AssessedValuation[Tif_NonTIF],$A$4)) -> 95905925 | L27: =SUMPRODUCT(SUMIFS(AssessedValuation[100% Industrial],AssessedValuation[Dist],$C27:$E27,AssessedValuation[Tif_NonTIF],$A$4)) -> 45454885 | M27: =SUMPRODUCT(SUMIFS(AssessedValuation[100% Reserved],AssessedValuation[Dist],$C27:$E27,AssessedValuation[Tif_NonTIF],$A$4)) -> 0 | N27: =SUMPRODUCT(SUMIFS(AssessedValuation[100% Reserved4],AssessedValuation[Dist],$C27,AssessedValuation[Tif_NonTIF],$A$4)) -> 0 | O27: =SUMPRODUCT(SUMIFS(AssessedValuation[100% Railroads],AssessedValuation[Dist],$C27:$E27,AssessedValuation[Tif_NonTIF],$A$4)) -> 8230229 | P27: =SUMPRODUCT(SUMIFS(AssessedValuation[100% Utilities],AssessedValuation[Dist],$C27:$E27,AssessedValuation[Tif_NonTIF],$A$4)) -> 58514462 | Q27: =SUMPRODUCT(SUMIFS(AssessedValuation[100% Other],AssessedValuation[Dist],$C27:$E27,AssessedValuation[Tif_NonTIF],$A$4)) -> 0 | R27: =SUMPRODUCT(SUMIFS(AssessedValuation[100% Gross],AssessedValuation[Dist],$C27:$E27,AssessedValuation[Tif_NonTIF],$A$4)) -> 1102537521 | S27: =SUMPRODUCT(SUMIFS(AssessedValuation[100% Military Exempt],AssessedValuation[Dist],$C27:$E27,AssessedValuation[Tif_NonTIF],$A$4)) -> 1023704 | T27: =SUMPRODUCT(SUMIFS(AssessedValuation[100% Homestead Exempt],AssessedValuation[Dist],$C27:$E27,AssessedValuation[Tif_NonTIF],$A$4)) -> 3919500 | U27: =SUMPRODUCT(SUMIFS(AssessedValuation[100% Net],AssessedValuation[Dist],$C27:$E27,AssessedValuation[Tif_NonTIF],$A$4)) -> 1097594317 | V27: =SUMPRODUCT(SUMIFS(AssessedValuation[100% Gas & Elec Utilities],AssessedValuation[Dist],$C27:$E27,AssessedValuation[Tif_NonTIF],$A$4)) -> 42178541 | W27: =SUM(U27:V27) -> 1139772858
A28: 2026 | B28: 11 | C28: 0513 | F28: 0513 | G28: Baxter | H28: =SUMPRODUCT(SUMIFS(AssessedValuation[100% Residential],AssessedValuation[Dist],$C28:$E28,AssessedValuation[Tif_NonTIF],$A$4)) -> 171173791 | I28: =SUMPRODUCT(SUMIFS(AssessedValuation[100% Ag Land],AssessedValuation[Dist],$C28:$E28,AssessedValuation[Tif_NonTIF],$A$4)) -> 72422750 | J28: =SUMPRODUCT(SUMIFS(AssessedValuation[100% Ag Building],AssessedValuation[Dist],$C28:$E28,AssessedValuation[Tif_NonTIF],$A$4)) -> 2355670 | K28: =SUMPRODUCT(SUMIFS(AssessedValuation[100% Commercial],AssessedValuation[Dist],$C28:$E28,AssessedValuation[Tif_NonTIF],$A$4)) -> 7563701 | L28: =SUMPRODUCT(SUMIFS(AssessedValuation[100% Industrial],AssessedValuation[Dist],$C28:$E28,AssessedValuation[Tif_NonTIF],$A$4)) -> 0 | M28: =SUMPRODUCT(SUMIFS(AssessedValuation[100% Reserved],AssessedValuation[Dist],$C28:$E28,AssessedValuation[Tif_NonTIF],$A$4)) -> 0 | N28: =SUMPRODUCT(SUMIFS(AssessedValuation[100% Reserved4],AssessedValuation[Dist],$C28,AssessedValuation[Tif_NonTIF],$A$4)) -> 0 | O28: =SUMPRODUCT(SUMIFS(AssessedValuation[100% Railroads],AssessedValuation[Dist],$C28:$E28,AssessedValuation[Tif_NonTIF],$A$4)) -> 0 | P28: =SUMPRODUCT(SUMIFS(AssessedValuation[100% Utilities],AssessedValuation[Dist],$C28:$E28,AssessedValuation[Tif_NonTIF],$A$4)) -> 0 | Q28: =SUMPRODUCT(SUMIFS(AssessedValuation[100% Other],AssessedValuation[Dist],$C28:$E28,AssessedValuation[Tif_NonTIF],$A$4)) -> 0 | R28: =SUMPRODUCT(SUMIFS(AssessedValuation[100% Gross],AssessedValuation[Dist],$C28:$E28,AssessedValuation[Tif_NonTIF],$A$4)) -> 253515912 | S28: =SUMPRODUCT(SUMIFS(AssessedValuation[100% Military Exempt],AssessedValuation[Dist],$C28:$E28,AssessedValuation[Tif_NonTIF],$A$4)) -> 312000 | T28: =SUMPRODUCT(SUMIFS(AssessedValuation[100% Homestead Exempt],AssessedValuation[Dist],$C28:$E28,AssessedValuation[Tif_NonTIF],$A$4)) -> 909132 | U28: =SUMPRODUCT(SUMIFS(AssessedValuation[100% Net],AssessedValuation[Dist],$C28:$E28,AssessedValuation[Tif_NonTIF],$A$4)) -> 252294780 | V28: =SUMPRODUCT(SUMIFS(AssessedValuation[100% Gas & Elec Utilities],AssessedValuation[Dist],$C28:$E28,AssessedValuation[Tif_NonTIF],$A$4)) -> 11743769 | W28: =SUM(U28:V28) -> 264038549
... A65: 2026 | B65: 13 | C65: 1197 | F65: 1197 | G65: Clarinda | H65: =SUMPRODUCT(SUMIFS(AssessedValuation[100% Residential],AssessedValuation[Dist],$C65:$E65,AssessedValuation[Tif_NonTIF],$A$4)) -> 362338410 | I65: =SUMPRODUCT(SUMIFS(AssessedValuation[100% Ag Land],AssessedValuation[Dist],$C65:$E65,AssessedValuation[Tif_NonTIF],$A$4)) -> 170453180 | J65: =SUMPRODUCT(SUMIFS(AssessedValuation[100% Ag Building],AssessedValuation[Dist],$C65:$E65,AssessedValuation[Tif_NonTIF],$A$4)) -> 9495580 | K65: =SUMPRODUCT(SUMIFS(AssessedValuation[100% Commercial],AssessedValuation[Dist],$C65:$E65,AssessedValuation[Tif_NonTIF],$A$4)) -> 51257046 | L65: =SUMPRODUCT(SUMIFS(AssessedValuation[100% Industrial],AssessedValuation[Dist],$C65:$E65,AssessedValuation[Tif_NonTIF],$A$4)) -> 20049560 | M65: =SUMPRODUCT(SUMIFS(AssessedValuation[100% Reserved],AssessedValuation[Dist],$C65:$E65,AssessedValuation[Tif_NonTIF],$A$4)) -> 0 | N65: =SUMPRODUCT(SUMIFS(AssessedValuation[100% Reserved4],AssessedValuation[Dist],$C65,AssessedValuation[Tif_NonTIF],$A$4)) -> 0 | O65: =SUMPRODUCT(SUMIFS(AssessedValuation[100% Railroads],AssessedValuation[Dist],$C65:$E65,AssessedValuation[Tif_NonTIF],$A$4)) -> 0 | P65: =SUMPRODUCT(SUMIFS(AssessedValuation[100% Utilities],AssessedValuation[Dist],$C65:$E65,AssessedValuation[Tif_NonTIF],$A$4)) -> 0 | Q65: =SUMPRODUCT(SUMIFS(AssessedValuation[100% Other],AssessedValuation[Dist],$C65:$E65,AssessedValuation[Tif_NonTIF],$A$4)) -> 0 | R65: =SUMPRODUCT(SUMIFS(AssessedValuation[100% Gross],AssessedValuation[Dist],$C65:$E65,AssessedValuation[Tif_NonTIF],$A$4)) -> 613593776 | S65: =SUMPRODUCT(SUMIFS(AssessedValuation[100% Military Exempt],AssessedValuation[Dist],$C65:$E65,AssessedValuation[Tif_NonTIF],$A$4)) -> 1144000 | T65: =SUMPRODUCT(SUMIFS(AssessedValuation[100% Homestead Exempt],AssessedValuation[Dist],$C65:$E65,AssessedValuation[Tif_NonTIF],$A$4)) -> 3903250 | U65: =SUMPRODUCT(SUMIFS(AssessedValuation[100% Net],AssessedValuation[Dist],$C65:$E65,AssessedValuation[Tif_NonTIF],$A$4)) -> 608546526 | V65: =SUMPRODUCT(SUMIFS(AssessedValuation[100% Gas & Elec Utilities],AssessedValuation[Dist],$C65:$E65,AssessedValuation[Tif_NonTIF],$A$4)) -> 79384733 | W65: =SUM(U65:V65) -> 687931259
A66: 2026 | B66: 05 | C66: 1206 | D66: 1854 | F66: 1206 | G66: Clarion-Goldfield-Dows | H66: =SUMPRODUCT(SUMIFS(AssessedValuation[100% Residential],AssessedValuation[Dist],$C66:$E66,AssessedValuation[Tif_NonTIF],$A$4)) -> 342018835 | I66: =SUMPRODUCT(SUMIFS(AssessedValuation[100% Ag Land],AssessedValuation[Dist],$C66:$E66,AssessedValuation[Tif_NonTIF],$A$4)) -> 383183010 | J66: =SUMPRODUCT(SUMIFS(AssessedValuation[100% Ag Building],AssessedValuation[Dist],$C66:$E66,AssessedValuation[Tif_NonTIF],$A$4)) -> 35058230 | K66: =SUMPRODUCT(SUMIFS(AssessedValuation[100% Commercial],AssessedValuation[Dist],$C66:$E66,AssessedValuation[Tif_NonTIF],$A$4)) -> 69540208 | L66: =SUMPRODUCT(SUMIFS(AssessedValuation[100% Industrial],AssessedValuation[Dist],$C66:$E66,AssessedValuation[Tif_NonTIF],$A$4)) -> 30375330 | M66: =SUMPRODUCT(SUMIFS(AssessedValuation[100% Reserved],AssessedValuation[Dist],$C66:$E66,AssessedValuation[Tif_NonTIF],$A$4)) -> 0 | N66: =SUMPRODUCT(SUMIFS(AssessedValuation[100% Reserved4],AssessedValuation[Dist],$C66,AssessedValuation[Tif_NonTIF],$A$4)) -> 0 | O66: =SUMPRODUCT(SUMIFS(AssessedValuation[100% Railroads],AssessedValuation[Dist],$C66:$E66,AssessedValuation[Tif_NonTIF],$A$4)) -> 46192840 | P66: =SUMPRODUCT(SUMIFS(AssessedValuation[100% Utilities],AssessedValuation[Dist],$C66:$E66,AssessedValuation[Tif_NonTIF],$A$4)) -> 10419702 | Q66: =SUMPRODUCT(SUMIFS(AssessedValuation[100% Other],AssessedValuation[Dist],$C66:$E66,AssessedValuation[Tif_NonTIF],$A$4)) -> 86 | R66: =SUMPRODUCT(SUMIFS(AssessedValuation[100% Gross],AssessedValuation[Dist],$C66:$E66,AssessedValuation[Tif_NonTIF],$A$4)) -> 916788241 | S66: =SUMPRODUCT(SUMIFS(AssessedValuation[100% Military Exempt],AssessedValuation[Dist],$C66:$E66,AssessedValuation[Tif_NonTIF],$A$4)) -> 864000 | T66: =SUMPRODUCT(SUMIFS(AssessedValuation[100% Homestead Exempt],AssessedValuation[Dist],$C66:$E66,AssessedValuation[Tif_NonTIF],$A$4)) -> 2808000 | U66: =SUMPRODUCT(SUMIFS(AssessedValuation[100% Net],AssessedValuation[Dist],$C66:$E66,AssessedValuation[Tif_NonTIF],$A$4)) -> 913116241 | V66: =SUMPRODUCT(SUMIFS(AssessedValuation[100% Gas & Elec Utilities],AssessedValuation[Dist],$C66:$E66,AssessedValuation[Tif_NonTIF],$A$4)) -> 40162421 | W66: =SUM(U66:V66) -> 953278662
A67: 2026 | B67: 13 | C67: 1211 | F67: 1211 | G67: Clarke | H67: =SUMPRODUCT(SUMIFS(AssessedValuation[100% Residential],AssessedValuation[Dist],$C67:$E67,AssessedValuation[Tif_NonTIF],$A$4)) -> 451617130 | I67: =SUMPRODUCT(SUMIFS(AssessedValuation[100% Ag Land],AssessedValuation[Dist],$C67:$E67,AssessedValuation[Tif_NonTIF],$A$4)) -> 105789963 | J67: =SUMPRODUCT(SUMIFS(AssessedValuation[100% Ag Building],AssessedValuation[Dist],$C67:$E67,AssessedValuation[Tif_NonTIF],$A$4)) -> 9412416 | K67: =SUMPRODUCT(SUMIFS(AssessedValuation[100% Commercial],AssessedValuation[Dist],$C67:$E67,AssessedValuation[Tif_NonTIF],$A$4)) -> 87155049 | L67: =SUMPRODUCT(SUMIFS(AssessedValuation[100% Industrial],AssessedValuation[Dist],$C67:$E67,AssessedValuation[Tif_NonTIF],$A$4)) -> 29167910 | M67: =SUMPRODUCT(SUMIFS(AssessedValuation[100% Reserved],AssessedValuation[Dist],$C67:$E67,AssessedValuation[Tif_NonTIF],$A$4)) -> 0 | N67: =SUMPRODUCT(SUMIFS(AssessedValuation[100% Reserved4],AssessedValuation[Dist],$C67,AssessedValuation[Tif_NonTIF],$A$4)) -> 0 | O67: =SUMPRODUCT(SUMIFS(AssessedValuation[100% Railroads],AssessedValuation[Dist],$C67:$E67,AssessedValuation[Tif_NonTIF],$A$4)) -> 21096998 | P67: =SUMPRODUCT(SUMIFS(AssessedValuation[100% Utilities],AssessedValuation[Dist],$C67:$E67,AssessedValuation[Tif_NonTIF],$A$4)) -> 3936612 | Q67: =SUMPRODUCT(SUMIFS(AssessedValuation[100% Other],AssessedValuation[Dist],$C67:$E67,AssessedValuation[Tif_NonTIF],$A$4)) -> 0 | R67: =SUMPRODUCT(SUMIFS(AssessedValuation[100% Gross],AssessedValuation[Dist],$C67:$E67,AssessedValuation[Tif_NonTIF],$A$4)) -> 708176078 | S67: =SUMPRODUCT(SUMIFS(AssessedValuation[100% Military Exempt],AssessedValuation[Dist],$C67:$E67,AssessedValuation[Tif_NonTIF],$A$4)) -> 1233929 | T67: =SUMPRODUCT(SUMIFS(AssessedValuation[100% Homestead Exempt],AssessedValuation[Dist],$C67:$E67,AssessedValuation[Tif_NonTIF],$A$4)) -> 3695039 | U67: =SUMPRODUCT(SUMIFS(AssessedValuation[100% Net],AssessedValuation[Dist],$C67:$E67,AssessedValuation[Tif_NonTIF],$A$4)) -> 703247110 | V67: =SUMPRODUCT(SUMIFS(AssessedValuation[100% Gas & Elec Utilities],AssessedValuation[Dist],$C67:$E67,AssessedValuation[Tif_NonTIF],$A$4)) -> 48460058 | W67: =SUM(U67:V67) -> 751707168
A68: 2026 | B68: 07 | C68: 1215 | F68: 1215 | G68: Clarksville | H68: =SUMPRODUCT(SUMIFS(AssessedValuation[100% Residential],AssessedValuation[Dist],$C68:$E68,AssessedValuation[Tif_NonTIF],$A$4)) -> 132295048 | I68: =SUMPRODUCT(SUMIFS(AssessedValuation[100% Ag Land],AssessedValuation[Dist],$C68:$E68,AssessedValuation[Tif_NonTIF],$A$4)) -> 63342110 | J68: =SUMPRODUCT(SUMIFS(AssessedValuation[100% Ag Building],AssessedValuation[Dist],$C68:$E68,AssessedValuation[Tif_NonTIF],$A$4)) -> 4557950 | K68: =SUMPRODUCT(SUMIFS(AssessedValuation[100% Commercial],AssessedValuation[Dist],$C68:$E68,AssessedValuation[Tif_NonTIF],$A$4)) -> 7447562 | L68: =SUMPRODUCT(SUMIFS(AssessedValuation[100% Industrial],AssessedValuation[Dist],$C68:$E68,AssessedValuation[Tif_NonTIF],$A$4)) -> 1394500 | M68: =SUMPRODUCT(SUMIFS(AssessedValuation[100% Reserved],AssessedValuation[Dist],$C68:$E68,AssessedValuation[Tif_NonTIF],$A$4)) -> 0 | N68: =SUMPRODUCT(SUMIFS(AssessedValuation[100% Reserved4],AssessedValuation[Dist],$C68,AssessedValuation[Tif_NonTIF],$A$4)) -> 0 | O68: =SUMPRODUCT(SUMIFS(AssessedValuation[100% Railroads],AssessedValuation[Dist],$C68:$E68,AssessedValuation[Tif_NonTIF],$A$4)) -> 2488683 | P68: =SUMPRODUCT(SUMIFS(AssessedValuation[100% Utilities],AssessedValuation[Dist],$C68:$E68,AssessedValuation[Tif_NonTIF],$A$4)) -> 251231 | Q68: =SUMPRODUCT(SUMIFS(AssessedValuation[100% Other],AssessedValuation[Dist],$C68:$E68,AssessedValuation[Tif_NonTIF],$A$4)) -> 0 | R68: =SUMPRODUCT(SUMIFS(AssessedValuation[100% Gross],AssessedValuation[Dist],$C68:$E68,AssessedValuation[Tif_NonTIF],$A$4)) -> 211777084 | S68: =SUMPRODUCT(SUMIFS(AssessedValuation[100% Military Exempt],AssessedValuation[Dist],$C68:$E68,AssessedValuation[Tif_NonTIF],$A$4)) -> 408000 | T68: =SUMPRODUCT(SUMIFS(AssessedValuation[100% Homestead Exempt],AssessedValuation[Dist],$C68:$E68,AssessedValuation[Tif_NonTIF],$A$4)) -> 1378000 | U68: =SUMPRODUCT(SUMIFS(AssessedValuation[100% Net],AssessedValuation[Dist],$C68:$E68,AssessedValuation[Tif_NonTIF],$A$4)) -> 209991084 | V68: =SUMPRODUCT(SUMIFS(AssessedValuation[100% Gas & Elec Utilities],AssessedValuation[Dist],$C68:$E68,AssessedValuation[Tif_NonTIF],$A$4)) -> 15294927 | W68: =SUM(U68:V68) -> 225286011
